-- =============================================================
-- SQL gerado automaticamente a partir das fotos de produtos
-- Pasta raiz: /home/thierry/development/atelier fotos
-- =============================================================

-- IMPORTANTE: Ajuste os hex_codes das variantes (COLOR2, COLOR3...)
-- e os preços antes de rodar em produção.

-- ─── PRODUTOS ─────────────────────────────────────────────────

-- ── FEMININO / VESTIDOS ──────────────────
INSERT INTO products (id, name, slug, description, price, category, status, target_audience, created_at, updated_at)
VALUES (100, 'Vestido Ampla Estampado', 'vestido-ampla-estampado', 'Vestido Ampla Estampado - peça exclusiva da coleção TSM Atelier.', 599.00, 'DRESS', 'DRAFT', 'WOMENSWEAR', NOW(), NOW());
INSERT INTO products (id, name, slug, description, price, category, status, target_audience, created_at, updated_at)
VALUES (101, 'Vestido Curto Com Babado', 'vestido-curto-com-babado', 'Vestido Curto Com Babado - peça exclusiva da coleção TSM Atelier.', 599.00, 'DRESS', 'DRAFT', 'WOMENSWEAR', NOW(), NOW());
INSERT INTO products (id, name, slug, description, price, category, status, target_audience, created_at, updated_at)
VALUES (102, 'Vestido Drapeado Gola Alta', 'vestido-drapeado-gola-alta', 'Vestido Drapeado Gola Alta - peça exclusiva da coleção TSM Atelier.', 599.00, 'DRESS', 'DRAFT', 'WOMENSWEAR', NOW(), NOW());
INSERT INTO products (id, name, slug, description, price, category, status, target_audience, created_at, updated_at)
VALUES (103, 'Vestido Longo Acetinado Estampado', 'vestido-longo-acetinado-estampado', 'Vestido Longo Acetinado Estampado - peça exclusiva da coleção TSM Atelier.', 599.00, 'DRESS', 'DRAFT', 'WOMENSWEAR', NOW(), NOW());
INSERT INTO products (id, name, slug, description, price, category, status, target_audience, created_at, updated_at)
VALUES (104, 'Vestido Longo Halter', 'vestido-longo-halter', 'Vestido Longo Halter - peça exclusiva da coleção TSM Atelier.', 599.00, 'DRESS', 'DRAFT', 'WOMENSWEAR', NOW(), NOW());
INSERT INTO products (id, name, slug, description, price, category, status, target_audience, created_at, updated_at)
VALUES (105, 'Vestido Midi Com Cinto', 'vestido-midi-com-cinto', 'Vestido Midi Com Cinto - peça exclusiva da coleção TSM Atelier.', 599.00, 'DRESS', 'DRAFT', 'WOMENSWEAR', NOW(), NOW());

-- ── FEMININO / CALCAS ──────────────────
INSERT INTO products (id, name, slug, description, price, category, status, target_audience, created_at, updated_at)
VALUES (106, 'Calça Acetinada Estampada', 'calca-acetinada-estampada', 'Calça Acetinada Estampada - peça exclusiva da coleção TSM Atelier.', 599.00, 'PANTS', 'DRAFT', 'WOMENSWEAR', NOW(), NOW());
INSERT INTO products (id, name, slug, description, price, category, status, target_audience, created_at, updated_at)
VALUES (107, 'Calça Com Pregas', 'calca-com-pregas', 'Calça Com Pregas - peça exclusiva da coleção TSM Atelier.', 599.00, 'PANTS', 'DRAFT', 'WOMENSWEAR', NOW(), NOW());
INSERT INTO products (id, name, slug, description, price, category, status, target_audience, created_at, updated_at)
VALUES (108, 'Calça Reta Zw Collection', 'calca-reta-zw-collection', 'Calça Reta Zw Collection - peça exclusiva da coleção TSM Atelier.', 599.00, 'PANTS', 'DRAFT', 'WOMENSWEAR', NOW(), NOW());
INSERT INTO products (id, name, slug, description, price, category, status, target_audience, created_at, updated_at)
VALUES (109, 'Calça Xadrez Com Tiras', 'calca-xadrez-com-tiras', 'Calça Xadrez Com Tiras - peça exclusiva da coleção TSM Atelier.', 599.00, 'PANTS', 'DRAFT', 'WOMENSWEAR', NOW(), NOW());

-- ── FEMININO / CAMISAS_BLUSAS ──────────────────
INSERT INTO products (id, name, slug, description, price, category, status, target_audience, created_at, updated_at)
VALUES (110, 'Camisa Acetinada Com Botões Dourados', 'camisa-acetinada-com-botoes-dourados', 'Camisa Acetinada Com Botões Dourados - peça exclusiva da coleção TSM Atelier.', 599.00, 'BLOUSE', 'DRAFT', 'WOMENSWEAR', NOW(), NOW());
INSERT INTO products (id, name, slug, description, price, category, status, target_audience, created_at, updated_at)
VALUES (111, 'Camisa Gasa Oversize Com Bolso', 'camisa-gasa-oversize-com-bolso', 'Camisa Gasa Oversize Com Bolso - peça exclusiva da coleção TSM Atelier.', 599.00, 'BLOUSE', 'DRAFT', 'WOMENSWEAR', NOW(), NOW());
INSERT INTO products (id, name, slug, description, price, category, status, target_audience, created_at, updated_at)
VALUES (112, 'Camisa Listrada Com Laço', 'camisa-listrada-com-laco', 'Camisa Listrada Com Laço - peça exclusiva da coleção TSM Atelier.', 599.00, 'BLOUSE', 'DRAFT', 'WOMENSWEAR', NOW(), NOW());
INSERT INTO products (id, name, slug, description, price, category, status, target_audience, created_at, updated_at)
VALUES (113, 'Camisa Listrada Cruzada', 'camisa-listrada-cruzada', 'Camisa Listrada Cruzada - peça exclusiva da coleção TSM Atelier.', 599.00, 'BLOUSE', 'DRAFT', 'WOMENSWEAR', NOW(), NOW());

-- ── FEMININO / CAMISETAS ──────────────────
INSERT INTO products (id, name, slug, description, price, category, status, target_audience, created_at, updated_at)
VALUES (114, 'Camiseta Algodão 100% Botões', 'camiseta-algodao-100-botoes', 'Camiseta Algodão 100% Botões - peça exclusiva da coleção TSM Atelier.', 599.00, 'T_SHIRT', 'DRAFT', 'WOMENSWEAR', NOW(), NOW());
INSERT INTO products (id, name, slug, description, price, category, status, target_audience, created_at, updated_at)
VALUES (115, 'Camiseta Algodão 100% Botões Hover', 'camiseta-algodao-100-botoes-hover', 'Camiseta Algodão 100% Botões Hover - peça exclusiva da coleção TSM Atelier.', 599.00, 'T_SHIRT', 'DRAFT', 'WOMENSWEAR', NOW(), NOW());
INSERT INTO products (id, name, slug, description, price, category, status, target_audience, created_at, updated_at)
VALUES (116, 'Camiseta Com Texto Em Contraste', 'camiseta-com-texto-em-contraste', 'Camiseta Com Texto Em Contraste - peça exclusiva da coleção TSM Atelier.', 599.00, 'T_SHIRT', 'DRAFT', 'WOMENSWEAR', NOW(), NOW());
INSERT INTO products (id, name, slug, description, price, category, status, target_audience, created_at, updated_at)
VALUES (117, 'Camiseta Interlock De Manga Curta', 'camiseta-interlock-de-manga-curta', 'Camiseta Interlock De Manga Curta - peça exclusiva da coleção TSM Atelier.', 599.00, 'T_SHIRT', 'DRAFT', 'WOMENSWEAR', NOW(), NOW());
INSERT INTO products (id, name, slug, description, price, category, status, target_audience, created_at, updated_at)
VALUES (118, 'Camiseta Listrada Com Texto', 'camiseta-listrada-com-texto', 'Camiseta Listrada Com Texto - peça exclusiva da coleção TSM Atelier.', 599.00, 'T_SHIRT', 'DRAFT', 'WOMENSWEAR', NOW(), NOW());

-- ── FEMININO / CASACOS ──────────────────
INSERT INTO products (id, name, slug, description, price, category, status, target_audience, created_at, updated_at)
VALUES (119, 'Casaco Com Lã', 'casaco-com-la', 'Casaco Com Lã - peça exclusiva da coleção TSM Atelier.', 599.00, 'COAT', 'DRAFT', 'WOMENSWEAR', NOW(), NOW());
INSERT INTO products (id, name, slug, description, price, category, status, target_audience, created_at, updated_at)
VALUES (120, 'Casaco Curto De Lã', 'casaco-curto-de-la', 'Casaco Curto De Lã - peça exclusiva da coleção TSM Atelier.', 599.00, 'COAT', 'DRAFT', 'WOMENSWEAR', NOW(), NOW());
INSERT INTO products (id, name, slug, description, price, category, status, target_audience, created_at, updated_at)
VALUES (121, 'Casaco Curto De Pelo Sintético', 'casaco-curto-de-pelo-sintetico', 'Casaco Curto De Pelo Sintético - peça exclusiva da coleção TSM Atelier.', 599.00, 'COAT', 'DRAFT', 'WOMENSWEAR', NOW(), NOW());
INSERT INTO products (id, name, slug, description, price, category, status, target_audience, created_at, updated_at)
VALUES (122, 'Casaco De Mistura De Lã', 'casaco-de-mistura-de-la', 'Casaco De Mistura De Lã - peça exclusiva da coleção TSM Atelier.', 599.00, 'COAT', 'DRAFT', 'WOMENSWEAR', NOW(), NOW());
INSERT INTO products (id, name, slug, description, price, category, status, target_audience, created_at, updated_at)
VALUES (123, 'Casaco Lã Zw', 'casaco-la-zw', 'Casaco Lã Zw - peça exclusiva da coleção TSM Atelier.', 599.00, 'COAT', 'DRAFT', 'WOMENSWEAR', NOW(), NOW());
INSERT INTO products (id, name, slug, description, price, category, status, target_audience, created_at, updated_at)
VALUES (124, 'Casaco Ombreiras Soft', 'casaco-ombreiras-soft', 'Casaco Ombreiras Soft - peça exclusiva da coleção TSM Atelier.', 599.00, 'COAT', 'DRAFT', 'WOMENSWEAR', NOW(), NOW());

-- ── FEMININO / JAQUETAS ──────────────────
INSERT INTO products (id, name, slug, description, price, category, status, target_audience, created_at, updated_at)
VALUES (125, 'Casaco De Plumas Curto', 'casaco-de-plumas-curto', 'Casaco De Plumas Curto - peça exclusiva da coleção TSM Atelier.', 599.00, 'JACKET', 'DRAFT', 'WOMENSWEAR', NOW(), NOW());
INSERT INTO products (id, name, slug, description, price, category, status, target_audience, created_at, updated_at)
VALUES (126, 'Jaqueta Com Efeito Suede De Gola Alta', 'jaqueta-com-efeito-suede-de-gola-alta', 'Jaqueta Com Efeito Suede De Gola Alta - peça exclusiva da coleção TSM Atelier.', 599.00, 'JACKET', 'DRAFT', 'WOMENSWEAR', NOW(), NOW());
INSERT INTO products (id, name, slug, description, price, category, status, target_audience, created_at, updated_at)
VALUES (127, 'Jaqueta De Poliuretano', 'jaqueta-de-poliuretano', 'Jaqueta De Poliuretano - peça exclusiva da coleção TSM Atelier.', 599.00, 'JACKET', 'DRAFT', 'WOMENSWEAR', NOW(), NOW());
INSERT INTO products (id, name, slug, description, price, category, status, target_audience, created_at, updated_at)
VALUES (128, 'Jaqueta De Veludo Cotelê Com Contraste', 'jaqueta-de-veludo-cotele-com-contraste', 'Jaqueta De Veludo Cotelê Com Contraste - peça exclusiva da coleção TSM Atelier.', 599.00, 'JACKET', 'DRAFT', 'WOMENSWEAR', NOW(), NOW());
INSERT INTO products (id, name, slug, description, price, category, status, target_audience, created_at, updated_at)
VALUES (129, 'Jaqueta Reversível Dupla Face', 'jaqueta-reversivel-dupla-face', 'Jaqueta Reversível Dupla Face - peça exclusiva da coleção TSM Atelier.', 599.00, 'JACKET', 'DRAFT', 'WOMENSWEAR', NOW(), NOW());

-- ── FEMININO / JEANS ──────────────────
INSERT INTO products (id, name, slug, description, price, category, status, target_audience, created_at, updated_at)
VALUES (130, 'Jeans Trf Skinny Cintura Alta', 'jeans-trf-skinny-cintura-alta', 'Jeans Trf Skinny Cintura Alta - peça exclusiva da coleção TSM Atelier.', 599.00, 'JEANS', 'DRAFT', 'WOMENSWEAR', NOW(), NOW());
INSERT INTO products (id, name, slug, description, price, category, status, target_audience, created_at, updated_at)
VALUES (131, 'Jeans Z.01 Mom Fit Cintura Alta Com Vinco Passado', 'jeans-z01-mom-fit-cintura-alta-com-vinco-passado', 'Jeans Z.01 Mom Fit Cintura Alta Com Vinco Passado - peça exclusiva da coleção TSM Atelier.', 599.00, 'JEANS', 'DRAFT', 'WOMENSWEAR', NOW(), NOW());
INSERT INTO products (id, name, slug, description, price, category, status, target_audience, created_at, updated_at)
VALUES (132, 'Jeans Z1975 Barrel Cintura Média', 'jeans-z1975-barrel-cintura-media', 'Jeans Z1975 Barrel Cintura Média - peça exclusiva da coleção TSM Atelier.', 599.00, 'JEANS', 'DRAFT', 'WOMENSWEAR', NOW(), NOW());
INSERT INTO products (id, name, slug, description, price, category, status, target_audience, created_at, updated_at)
VALUES (133, 'Jeans Z1975 Cropped De Cintura Média', 'jeans-z1975-cropped-de-cintura-media', 'Jeans Z1975 Cropped De Cintura Média - peça exclusiva da coleção TSM Atelier.', 599.00, 'JEANS', 'DRAFT', 'WOMENSWEAR', NOW(), NOW());
INSERT INTO products (id, name, slug, description, price, category, status, target_audience, created_at, updated_at)
VALUES (134, 'Jeans Zw Collection Wide Leg Cintura Alta', 'jeans-zw-collection-wide-leg-cintura-alta', 'Jeans Zw Collection Wide Leg Cintura Alta - peça exclusiva da coleção TSM Atelier.', 599.00, 'JEANS', 'DRAFT', 'WOMENSWEAR', NOW(), NOW());
INSERT INTO products (id, name, slug, description, price, category, status, target_audience, created_at, updated_at)
VALUES (135, 'Jeans Zw Collection Wide Leg Cintura Alta Foto2', 'jeans-zw-collection-wide-leg-cintura-alta-foto2', 'Jeans Zw Collection Wide Leg Cintura Alta Foto2 - peça exclusiva da coleção TSM Atelier.', 599.00, 'JEANS', 'DRAFT', 'WOMENSWEAR', NOW(), NOW());

-- ── FEMININO / SHORTS_BERMUDAS ──────────────────
INSERT INTO products (id, name, slug, description, price, category, status, target_audience, created_at, updated_at)
VALUES (136, 'Short De Poliuretano', 'short-de-poliuretano', 'Short De Poliuretano - peça exclusiva da coleção TSM Atelier.', 599.00, 'SHORTS', 'DRAFT', 'WOMENSWEAR', NOW(), NOW());
INSERT INTO products (id, name, slug, description, price, category, status, target_audience, created_at, updated_at)
VALUES (137, 'Short Globo Acetinado Com Renda', 'short-globo-acetinado-com-renda', 'Short Globo Acetinado Com Renda - peça exclusiva da coleção TSM Atelier.', 599.00, 'SHORTS', 'DRAFT', 'WOMENSWEAR', NOW(), NOW());
INSERT INTO products (id, name, slug, description, price, category, status, target_audience, created_at, updated_at)
VALUES (138, 'Short-Saia De Veludo Cotelê Com Cinto', 'short-saia-de-veludo-cotele-com-cinto', 'Short-Saia De Veludo Cotelê Com Cinto - peça exclusiva da coleção TSM Atelier.', 599.00, 'SHORTS', 'DRAFT', 'WOMENSWEAR', NOW(), NOW());
INSERT INTO products (id, name, slug, description, price, category, status, target_audience, created_at, updated_at)
VALUES (139, 'Shorts Com Babado', 'shorts-com-babado', 'Shorts Com Babado - peça exclusiva da coleção TSM Atelier.', 599.00, 'SHORTS', 'DRAFT', 'WOMENSWEAR', NOW(), NOW());

-- ── FEMININO / BLAZERS_COLETES ──────────────────
INSERT INTO products (id, name, slug, description, price, category, status, target_audience, created_at, updated_at)
VALUES (140, 'Blazer Acinturado Com Ombreiras', 'blazer-acinturado-com-ombreiras', 'Blazer Acinturado Com Ombreiras - peça exclusiva da coleção TSM Atelier.', 599.00, 'BLAZER', 'DRAFT', 'WOMENSWEAR', NOW(), NOW());
INSERT INTO products (id, name, slug, description, price, category, status, target_audience, created_at, updated_at)
VALUES (141, 'Blazer Cruzado', 'blazer-cruzado', 'Blazer Cruzado - peça exclusiva da coleção TSM Atelier.', 599.00, 'BLAZER', 'DRAFT', 'WOMENSWEAR', NOW(), NOW());
INSERT INTO products (id, name, slug, description, price, category, status, target_audience, created_at, updated_at)
VALUES (142, 'Blazer Curto Xadrez', 'blazer-curto-xadrez', 'Blazer Curto Xadrez - peça exclusiva da coleção TSM Atelier.', 599.00, 'BLAZER', 'DRAFT', 'WOMENSWEAR', NOW(), NOW());
INSERT INTO products (id, name, slug, description, price, category, status, target_audience, created_at, updated_at)
VALUES (143, 'Blazer De Veludo Debrum Em Contraste', 'blazer-de-veludo-debrum-em-contraste', 'Blazer De Veludo Debrum Em Contraste - peça exclusiva da coleção TSM Atelier.', 599.00, 'BLAZER', 'DRAFT', 'WOMENSWEAR', NOW(), NOW());

-- ── FEMININO / MOLETONS ──────────────────
INSERT INTO products (id, name, slug, description, price, category, status, target_audience, created_at, updated_at)
VALUES (144, 'Calça De Moletom Básica Reta Com Bainha Ajustável', 'calca-de-moletom-basica-reta-com-bainha-ajustavel', 'Calça De Moletom Básica Reta Com Bainha Ajustável - peça exclusiva da coleção TSM Atelier.', 599.00, 'SWEATSHIRT', 'DRAFT', 'WOMENSWEAR', NOW(), NOW());
INSERT INTO products (id, name, slug, description, price, category, status, target_audience, created_at, updated_at)
VALUES (145, 'Casaco De Moletom Com Zíper', 'casaco-de-moletom-com-ziper', 'Casaco De Moletom Com Zíper - peça exclusiva da coleção TSM Atelier.', 599.00, 'SWEATSHIRT', 'DRAFT', 'WOMENSWEAR', NOW(), NOW());
INSERT INTO products (id, name, slug, description, price, category, status, target_audience, created_at, updated_at)
VALUES (146, 'Moletom Com Efeito De Lavagem Don Clemente', 'moletom-com-efeito-de-lavagem-don-clemente', 'Moletom Com Efeito De Lavagem Don Clemente - peça exclusiva da coleção TSM Atelier.', 599.00, 'SWEATSHIRT', 'DRAFT', 'WOMENSWEAR', NOW(), NOW());
INSERT INTO products (id, name, slug, description, price, category, status, target_audience, created_at, updated_at)
VALUES (147, 'Moletom Com Mensagem E Capuz', 'moletom-com-mensagem-e-capuz', 'Moletom Com Mensagem E Capuz - peça exclusiva da coleção TSM Atelier.', 599.00, 'SWEATSHIRT', 'DRAFT', 'WOMENSWEAR', NOW(), NOW());
INSERT INTO products (id, name, slug, description, price, category, status, target_audience, created_at, updated_at)
VALUES (148, 'Moletom Com Mensagem Em Contraste', 'moletom-com-mensagem-em-contraste', 'Moletom Com Mensagem Em Contraste - peça exclusiva da coleção TSM Atelier.', 599.00, 'SWEATSHIRT', 'DRAFT', 'WOMENSWEAR', NOW(), NOW());

-- ─── CORES ────────────────────────────────────────────────────

-- ── FEMININO / VESTIDOS ──────────────────
INSERT INTO product_colors (id, product_id, name, hex_code, version)
VALUES (100, 100, 'Preto', '#000000', 0);
INSERT INTO product_colors (id, product_id, name, hex_code, version)
VALUES (101, 101, 'Preto', '#000000', 0);
INSERT INTO product_colors (id, product_id, name, hex_code, version)
VALUES (102, 102, 'Preto', '#000000', 0);
INSERT INTO product_colors (id, product_id, name, hex_code, version)
VALUES (103, 102, 'Branco', '#FFFFFF', 0);
INSERT INTO product_colors (id, product_id, name, hex_code, version)
VALUES (104, 103, 'Preto', '#000000', 0);
INSERT INTO product_colors (id, product_id, name, hex_code, version)
VALUES (105, 104, 'Preto', '#000000', 0);
INSERT INTO product_colors (id, product_id, name, hex_code, version)
VALUES (106, 104, 'Branco', '#FFFFFF', 0);
INSERT INTO product_colors (id, product_id, name, hex_code, version)
VALUES (107, 105, 'Preto', '#000000', 0);
INSERT INTO product_colors (id, product_id, name, hex_code, version)
VALUES (108, 105, 'Branco', '#FFFFFF', 0);

-- ── FEMININO / CALCAS ──────────────────
INSERT INTO product_colors (id, product_id, name, hex_code, version)
VALUES (109, 106, 'Preto', '#000000', 0);
INSERT INTO product_colors (id, product_id, name, hex_code, version)
VALUES (110, 107, 'Preto', '#000000', 0);
INSERT INTO product_colors (id, product_id, name, hex_code, version)
VALUES (111, 107, 'Branco', '#FFFFFF', 0);
INSERT INTO product_colors (id, product_id, name, hex_code, version)
VALUES (112, 108, 'Preto', '#000000', 0);
INSERT INTO product_colors (id, product_id, name, hex_code, version)
VALUES (113, 109, 'Preto', '#000000', 0);

-- ── FEMININO / CAMISAS_BLUSAS ──────────────────
INSERT INTO product_colors (id, product_id, name, hex_code, version)
VALUES (114, 110, 'Preto', '#000000', 0);
INSERT INTO product_colors (id, product_id, name, hex_code, version)
VALUES (115, 110, 'Branco', '#FFFFFF', 0);
INSERT INTO product_colors (id, product_id, name, hex_code, version)
VALUES (116, 111, 'Preto', '#000000', 0);
INSERT INTO product_colors (id, product_id, name, hex_code, version)
VALUES (117, 112, 'Preto', '#000000', 0);
INSERT INTO product_colors (id, product_id, name, hex_code, version)
VALUES (118, 112, 'Branco', '#FFFFFF', 0);
INSERT INTO product_colors (id, product_id, name, hex_code, version)
VALUES (119, 113, 'Preto', '#000000', 0);

-- ── FEMININO / CAMISETAS ──────────────────
INSERT INTO product_colors (id, product_id, name, hex_code, version)
VALUES (120, 114, 'Preto', '#000000', 0);
INSERT INTO product_colors (id, product_id, name, hex_code, version)
VALUES (121, 115, 'Branco', '#FFFFFF', 0);
INSERT INTO product_colors (id, product_id, name, hex_code, version)
VALUES (122, 116, 'Preto', '#000000', 0);
INSERT INTO product_colors (id, product_id, name, hex_code, version)
VALUES (123, 117, 'Preto', '#000000', 0);
INSERT INTO product_colors (id, product_id, name, hex_code, version)
VALUES (124, 118, 'Preto', '#000000', 0);

-- ── FEMININO / CASACOS ──────────────────
INSERT INTO product_colors (id, product_id, name, hex_code, version)
VALUES (125, 119, 'Preto', '#000000', 0);
INSERT INTO product_colors (id, product_id, name, hex_code, version)
VALUES (126, 120, 'Preto', '#000000', 0);
INSERT INTO product_colors (id, product_id, name, hex_code, version)
VALUES (127, 121, 'Preto', '#000000', 0);
INSERT INTO product_colors (id, product_id, name, hex_code, version)
VALUES (128, 122, 'Preto', '#000000', 0);
INSERT INTO product_colors (id, product_id, name, hex_code, version)
VALUES (129, 123, 'Preto', '#000000', 0);
INSERT INTO product_colors (id, product_id, name, hex_code, version)
VALUES (130, 123, 'Branco', '#FFFFFF', 0);
INSERT INTO product_colors (id, product_id, name, hex_code, version)
VALUES (131, 124, 'Preto', '#000000', 0);
INSERT INTO product_colors (id, product_id, name, hex_code, version)
VALUES (132, 124, 'Branco', '#FFFFFF', 0);
INSERT INTO product_colors (id, product_id, name, hex_code, version)
VALUES (133, 124, 'Bege', '#F5F0E8', 0);

-- ── FEMININO / JAQUETAS ──────────────────
INSERT INTO product_colors (id, product_id, name, hex_code, version)
VALUES (134, 125, 'Preto', '#000000', 0);
INSERT INTO product_colors (id, product_id, name, hex_code, version)
VALUES (135, 126, 'Preto', '#000000', 0);
INSERT INTO product_colors (id, product_id, name, hex_code, version)
VALUES (136, 126, 'Branco', '#FFFFFF', 0);
INSERT INTO product_colors (id, product_id, name, hex_code, version)
VALUES (137, 127, 'Preto', '#000000', 0);
INSERT INTO product_colors (id, product_id, name, hex_code, version)
VALUES (138, 128, 'Preto', '#000000', 0);
INSERT INTO product_colors (id, product_id, name, hex_code, version)
VALUES (139, 128, 'Branco', '#FFFFFF', 0);
INSERT INTO product_colors (id, product_id, name, hex_code, version)
VALUES (140, 129, 'Preto', '#000000', 0);

-- ── FEMININO / JEANS ──────────────────
INSERT INTO product_colors (id, product_id, name, hex_code, version)
VALUES (141, 130, 'Preto', '#000000', 0);
INSERT INTO product_colors (id, product_id, name, hex_code, version)
VALUES (142, 130, 'Branco', '#FFFFFF', 0);
INSERT INTO product_colors (id, product_id, name, hex_code, version)
VALUES (143, 130, 'Bege', '#F5F0E8', 0);
INSERT INTO product_colors (id, product_id, name, hex_code, version)
VALUES (144, 131, 'Preto', '#000000', 0);
INSERT INTO product_colors (id, product_id, name, hex_code, version)
VALUES (145, 132, 'Preto', '#000000', 0);
INSERT INTO product_colors (id, product_id, name, hex_code, version)
VALUES (146, 133, 'Preto', '#000000', 0);
INSERT INTO product_colors (id, product_id, name, hex_code, version)
VALUES (147, 133, 'Branco', '#FFFFFF', 0);
INSERT INTO product_colors (id, product_id, name, hex_code, version)
VALUES (148, 133, 'Bege', '#F5F0E8', 0);
INSERT INTO product_colors (id, product_id, name, hex_code, version)
VALUES (149, 134, 'Preto', '#000000', 0);
INSERT INTO product_colors (id, product_id, name, hex_code, version)
VALUES (150, 134, 'Branco', '#FFFFFF', 0);
INSERT INTO product_colors (id, product_id, name, hex_code, version)
VALUES (151, 134, 'Bege', '#F5F0E8', 0);
INSERT INTO product_colors (id, product_id, name, hex_code, version)
VALUES (152, 135, 'Preto', '#000000', 0);

-- ── FEMININO / SHORTS_BERMUDAS ──────────────────
INSERT INTO product_colors (id, product_id, name, hex_code, version)
VALUES (153, 136, 'Preto', '#000000', 0);
INSERT INTO product_colors (id, product_id, name, hex_code, version)
VALUES (154, 136, 'Branco', '#FFFFFF', 0);
INSERT INTO product_colors (id, product_id, name, hex_code, version)
VALUES (155, 137, 'Preto', '#000000', 0);
INSERT INTO product_colors (id, product_id, name, hex_code, version)
VALUES (156, 138, 'Preto', '#000000', 0);
INSERT INTO product_colors (id, product_id, name, hex_code, version)
VALUES (157, 139, 'Preto', '#000000', 0);

-- ── FEMININO / BLAZERS_COLETES ──────────────────
INSERT INTO product_colors (id, product_id, name, hex_code, version)
VALUES (158, 140, 'Preto', '#000000', 0);
INSERT INTO product_colors (id, product_id, name, hex_code, version)
VALUES (159, 141, 'Preto', '#000000', 0);
INSERT INTO product_colors (id, product_id, name, hex_code, version)
VALUES (160, 141, 'Branco', '#FFFFFF', 0);
INSERT INTO product_colors (id, product_id, name, hex_code, version)
VALUES (161, 141, 'Bege', '#F5F0E8', 0);
INSERT INTO product_colors (id, product_id, name, hex_code, version)
VALUES (162, 142, 'Preto', '#000000', 0);
INSERT INTO product_colors (id, product_id, name, hex_code, version)
VALUES (163, 143, 'Preto', '#000000', 0);
INSERT INTO product_colors (id, product_id, name, hex_code, version)
VALUES (164, 143, 'Branco', '#FFFFFF', 0);

-- ── FEMININO / MOLETONS ──────────────────
INSERT INTO product_colors (id, product_id, name, hex_code, version)
VALUES (165, 144, 'Preto', '#000000', 0);
INSERT INTO product_colors (id, product_id, name, hex_code, version)
VALUES (166, 145, 'Preto', '#000000', 0);
INSERT INTO product_colors (id, product_id, name, hex_code, version)
VALUES (167, 145, 'Branco', '#FFFFFF', 0);
INSERT INTO product_colors (id, product_id, name, hex_code, version)
VALUES (168, 145, 'Bege', '#F5F0E8', 0);
INSERT INTO product_colors (id, product_id, name, hex_code, version)
VALUES (169, 146, 'Preto', '#000000', 0);
INSERT INTO product_colors (id, product_id, name, hex_code, version)
VALUES (170, 147, 'Preto', '#000000', 0);
INSERT INTO product_colors (id, product_id, name, hex_code, version)
VALUES (171, 148, 'Preto', '#000000', 0);

-- ─── IMAGENS ──────────────────────────────────────────────────

-- ── FEMININO / VESTIDOS ──────────────────
INSERT INTO product_images (id, product_color_id, url, file_name, display_order, is_cover)
VALUES (100, 100, 'http://localhost:9000/atelier/products/vestido-ampla-estampado/VESTIDO AMPLA ESTAMPADO 3.jpg', 'VESTIDO AMPLA ESTAMPADO 3.jpg', 3, false);
INSERT INTO product_images (id, product_color_id, url, file_name, display_order, is_cover)
VALUES (101, 100, 'http://localhost:9000/atelier/products/vestido-ampla-estampado/VESTIDO AMPLA ESTAMPADO CAPA.jpg', 'VESTIDO AMPLA ESTAMPADO CAPA.jpg', 1, true);
INSERT INTO product_images (id, product_color_id, url, file_name, display_order, is_cover)
VALUES (102, 100, 'http://localhost:9000/atelier/products/vestido-ampla-estampado/VESTIDO AMPLA ESTAMPADO HOVER.jpg', 'VESTIDO AMPLA ESTAMPADO HOVER.jpg', 2, false);
INSERT INTO product_images (id, product_color_id, url, file_name, display_order, is_cover)
VALUES (103, 101, 'http://localhost:9000/atelier/products/vestido-curto-com-babado/VESTIDO CURTO COM BABADO 3.jpg', 'VESTIDO CURTO COM BABADO 3.jpg', 3, false);
INSERT INTO product_images (id, product_color_id, url, file_name, display_order, is_cover)
VALUES (104, 101, 'http://localhost:9000/atelier/products/vestido-curto-com-babado/VESTIDO CURTO COM BABADO CAPA.jpg', 'VESTIDO CURTO COM BABADO CAPA.jpg', 1, true);
INSERT INTO product_images (id, product_color_id, url, file_name, display_order, is_cover)
VALUES (105, 101, 'http://localhost:9000/atelier/products/vestido-curto-com-babado/VESTIDO CURTO COM BABADO HOVER.jpg', 'VESTIDO CURTO COM BABADO HOVER.jpg', 2, false);
INSERT INTO product_images (id, product_color_id, url, file_name, display_order, is_cover)
VALUES (106, 102, 'http://localhost:9000/atelier/products/vestido-drapeado-gola-alta/VESTIDO DRAPEADO GOLA ALTA 3.jpg', 'VESTIDO DRAPEADO GOLA ALTA 3.jpg', 3, false);
INSERT INTO product_images (id, product_color_id, url, file_name, display_order, is_cover)
VALUES (107, 102, 'http://localhost:9000/atelier/products/vestido-drapeado-gola-alta/VESTIDO DRAPEADO GOLA ALTA 4.jpg', 'VESTIDO DRAPEADO GOLA ALTA 4.jpg', 4, false);
INSERT INTO product_images (id, product_color_id, url, file_name, display_order, is_cover)
VALUES (108, 102, 'http://localhost:9000/atelier/products/vestido-drapeado-gola-alta/VESTIDO DRAPEADO GOLA ALTA CAPA.jpg', 'VESTIDO DRAPEADO GOLA ALTA CAPA.jpg', 1, true);
INSERT INTO product_images (id, product_color_id, url, file_name, display_order, is_cover)
VALUES (109, 102, 'http://localhost:9000/atelier/products/vestido-drapeado-gola-alta/VESTIDO DRAPEADO GOLA ALTA HOVER.jpg', 'VESTIDO DRAPEADO GOLA ALTA HOVER.jpg', 2, false);
INSERT INTO product_images (id, product_color_id, url, file_name, display_order, is_cover)
VALUES (110, 103, 'http://localhost:9000/atelier/products/vestido-drapeado-gola-alta/VESTIDO DRAPEADO GOLA ALTA COLOR2 FOTO1.jpg', 'VESTIDO DRAPEADO GOLA ALTA COLOR2 FOTO1.jpg', 1, true);
INSERT INTO product_images (id, product_color_id, url, file_name, display_order, is_cover)
VALUES (111, 103, 'http://localhost:9000/atelier/products/vestido-drapeado-gola-alta/VESTIDO DRAPEADO GOLA ALTA COLOR2 FOTO2.jpg', 'VESTIDO DRAPEADO GOLA ALTA COLOR2 FOTO2.jpg', 2, false);
INSERT INTO product_images (id, product_color_id, url, file_name, display_order, is_cover)
VALUES (112, 104, 'http://localhost:9000/atelier/products/vestido-longo-acetinado-estampado/VESTIDO LONGO ACETINADO ESTAMPADO 3.jpg', 'VESTIDO LONGO ACETINADO ESTAMPADO 3.jpg', 3, false);
INSERT INTO product_images (id, product_color_id, url, file_name, display_order, is_cover)
VALUES (113, 104, 'http://localhost:9000/atelier/products/vestido-longo-acetinado-estampado/VESTIDO LONGO ACETINADO ESTAMPADO CAPA.jpg', 'VESTIDO LONGO ACETINADO ESTAMPADO CAPA.jpg', 1, true);
INSERT INTO product_images (id, product_color_id, url, file_name, display_order, is_cover)
VALUES (114, 104, 'http://localhost:9000/atelier/products/vestido-longo-acetinado-estampado/VESTIDO LONGO ACETINADO ESTAMPADO HOVER.jpg', 'VESTIDO LONGO ACETINADO ESTAMPADO HOVER.jpg', 2, false);
INSERT INTO product_images (id, product_color_id, url, file_name, display_order, is_cover)
VALUES (115, 105, 'http://localhost:9000/atelier/products/vestido-longo-halter/VESTIDO LONGO HALTER 3.jpg', 'VESTIDO LONGO HALTER 3.jpg', 3, false);
INSERT INTO product_images (id, product_color_id, url, file_name, display_order, is_cover)
VALUES (116, 105, 'http://localhost:9000/atelier/products/vestido-longo-halter/VESTIDO LONGO HALTER 4.jpg', 'VESTIDO LONGO HALTER 4.jpg', 4, false);
INSERT INTO product_images (id, product_color_id, url, file_name, display_order, is_cover)
VALUES (117, 105, 'http://localhost:9000/atelier/products/vestido-longo-halter/VESTIDO LONGO HALTER CAPA.jpg', 'VESTIDO LONGO HALTER CAPA.jpg', 1, true);
INSERT INTO product_images (id, product_color_id, url, file_name, display_order, is_cover)
VALUES (118, 105, 'http://localhost:9000/atelier/products/vestido-longo-halter/VESTIDO LONGO HALTER HOVER.jpg', 'VESTIDO LONGO HALTER HOVER.jpg', 2, false);
INSERT INTO product_images (id, product_color_id, url, file_name, display_order, is_cover)
VALUES (119, 106, 'http://localhost:9000/atelier/products/vestido-longo-halter/VESTIDO LONGO HALTER COLOR2 FOTO1.jpg', 'VESTIDO LONGO HALTER COLOR2 FOTO1.jpg', 1, true);
INSERT INTO product_images (id, product_color_id, url, file_name, display_order, is_cover)
VALUES (120, 106, 'http://localhost:9000/atelier/products/vestido-longo-halter/VESTIDO LONGO HALTER COLOR2 FOTO2.jpg', 'VESTIDO LONGO HALTER COLOR2 FOTO2.jpg', 2, false);
INSERT INTO product_images (id, product_color_id, url, file_name, display_order, is_cover)
VALUES (121, 107, 'http://localhost:9000/atelier/products/vestido-midi-com-cinto/VESTIDO MIDI COM CINTO 3.jpg', 'VESTIDO MIDI COM CINTO 3.jpg', 3, false);
INSERT INTO product_images (id, product_color_id, url, file_name, display_order, is_cover)
VALUES (122, 107, 'http://localhost:9000/atelier/products/vestido-midi-com-cinto/VESTIDO MIDI COM CINTO CAPA.jpg', 'VESTIDO MIDI COM CINTO CAPA.jpg', 1, true);
INSERT INTO product_images (id, product_color_id, url, file_name, display_order, is_cover)
VALUES (123, 107, 'http://localhost:9000/atelier/products/vestido-midi-com-cinto/VESTIDO MIDI COM CINTO HOVER.jpg', 'VESTIDO MIDI COM CINTO HOVER.jpg', 2, false);
INSERT INTO product_images (id, product_color_id, url, file_name, display_order, is_cover)
VALUES (124, 108, 'http://localhost:9000/atelier/products/vestido-midi-com-cinto/VESTIDO MIDI COM CINTO COLOR2 FOTO1.jpg', 'VESTIDO MIDI COM CINTO COLOR2 FOTO1.jpg', 1, true);
INSERT INTO product_images (id, product_color_id, url, file_name, display_order, is_cover)
VALUES (125, 108, 'http://localhost:9000/atelier/products/vestido-midi-com-cinto/VESTIDO MIDI COM CINTO COLOR2 FOTO2.jpg', 'VESTIDO MIDI COM CINTO COLOR2 FOTO2.jpg', 2, false);

-- ── FEMININO / CALCAS ──────────────────
INSERT INTO product_images (id, product_color_id, url, file_name, display_order, is_cover)
VALUES (126, 109, 'http://localhost:9000/atelier/products/calca-acetinada-estampada/CALÇA ACETINADA ESTAMPADA 3.jpg', 'CALÇA ACETINADA ESTAMPADA 3.jpg', 3, false);
INSERT INTO product_images (id, product_color_id, url, file_name, display_order, is_cover)
VALUES (127, 109, 'http://localhost:9000/atelier/products/calca-acetinada-estampada/CALÇA ACETINADA ESTAMPADA 4.jpg', 'CALÇA ACETINADA ESTAMPADA 4.jpg', 4, false);
INSERT INTO product_images (id, product_color_id, url, file_name, display_order, is_cover)
VALUES (128, 109, 'http://localhost:9000/atelier/products/calca-acetinada-estampada/CALÇA ACETINADA ESTAMPADA CAPA.jpg', 'CALÇA ACETINADA ESTAMPADA CAPA.jpg', 1, true);
INSERT INTO product_images (id, product_color_id, url, file_name, display_order, is_cover)
VALUES (129, 109, 'http://localhost:9000/atelier/products/calca-acetinada-estampada/CALÇA ACETINADA ESTAMPADA HOVER.jpg', 'CALÇA ACETINADA ESTAMPADA HOVER.jpg', 2, false);
INSERT INTO product_images (id, product_color_id, url, file_name, display_order, is_cover)
VALUES (130, 110, 'http://localhost:9000/atelier/products/calca-com-pregas/CALÇA COM PREGAS 3.jpg', 'CALÇA COM PREGAS 3.jpg', 3, false);
INSERT INTO product_images (id, product_color_id, url, file_name, display_order, is_cover)
VALUES (131, 110, 'http://localhost:9000/atelier/products/calca-com-pregas/CALÇA COM PREGAS CAPA.jpg', 'CALÇA COM PREGAS CAPA.jpg', 1, true);
INSERT INTO product_images (id, product_color_id, url, file_name, display_order, is_cover)
VALUES (132, 110, 'http://localhost:9000/atelier/products/calca-com-pregas/CALÇA COM PREGAS HOVER.jpg', 'CALÇA COM PREGAS HOVER.jpg', 2, false);
INSERT INTO product_images (id, product_color_id, url, file_name, display_order, is_cover)
VALUES (133, 111, 'http://localhost:9000/atelier/products/calca-com-pregas/CALÇA COM PREGAS COLOR2 FOTO1.jpg', 'CALÇA COM PREGAS COLOR2 FOTO1.jpg', 1, true);
INSERT INTO product_images (id, product_color_id, url, file_name, display_order, is_cover)
VALUES (134, 111, 'http://localhost:9000/atelier/products/calca-com-pregas/CALÇA COM PREGAS COLOR2 FOTO2.jpg', 'CALÇA COM PREGAS COLOR2 FOTO2.jpg', 2, false);
INSERT INTO product_images (id, product_color_id, url, file_name, display_order, is_cover)
VALUES (135, 112, 'http://localhost:9000/atelier/products/calca-reta-zw-collection/CALÇA RETA ZW COLLECTION 3.jpg', 'CALÇA RETA ZW COLLECTION 3.jpg', 3, false);
INSERT INTO product_images (id, product_color_id, url, file_name, display_order, is_cover)
VALUES (136, 112, 'http://localhost:9000/atelier/products/calca-reta-zw-collection/CALÇA RETA ZW COLLECTION CAPA.jpg', 'CALÇA RETA ZW COLLECTION CAPA.jpg', 1, true);
INSERT INTO product_images (id, product_color_id, url, file_name, display_order, is_cover)
VALUES (137, 112, 'http://localhost:9000/atelier/products/calca-reta-zw-collection/CALÇA RETA ZW COLLECTION HOVER.jpg', 'CALÇA RETA ZW COLLECTION HOVER.jpg', 2, false);
INSERT INTO product_images (id, product_color_id, url, file_name, display_order, is_cover)
VALUES (138, 113, 'http://localhost:9000/atelier/products/calca-xadrez-com-tiras/CALÇA XADREZ COM TIRAS 3.jpg', 'CALÇA XADREZ COM TIRAS 3.jpg', 3, false);
INSERT INTO product_images (id, product_color_id, url, file_name, display_order, is_cover)
VALUES (139, 113, 'http://localhost:9000/atelier/products/calca-xadrez-com-tiras/CALÇA XADREZ COM TIRAS CAPA.jpg', 'CALÇA XADREZ COM TIRAS CAPA.jpg', 1, true);
INSERT INTO product_images (id, product_color_id, url, file_name, display_order, is_cover)
VALUES (140, 113, 'http://localhost:9000/atelier/products/calca-xadrez-com-tiras/CALÇA XADREZ COM TIRAS HOVER.jpg', 'CALÇA XADREZ COM TIRAS HOVER.jpg', 2, false);

-- ── FEMININO / CAMISAS_BLUSAS ──────────────────
INSERT INTO product_images (id, product_color_id, url, file_name, display_order, is_cover)
VALUES (141, 114, 'http://localhost:9000/atelier/products/camisa-acetinada-com-botoes-dourados/CAMISA ACETINADA COM BOTÕES DOURADOS 3.jpg', 'CAMISA ACETINADA COM BOTÕES DOURADOS 3.jpg', 3, false);
INSERT INTO product_images (id, product_color_id, url, file_name, display_order, is_cover)
VALUES (142, 114, 'http://localhost:9000/atelier/products/camisa-acetinada-com-botoes-dourados/CAMISA ACETINADA COM BOTÕES DOURADOS CAPA.jpg', 'CAMISA ACETINADA COM BOTÕES DOURADOS CAPA.jpg', 1, true);
INSERT INTO product_images (id, product_color_id, url, file_name, display_order, is_cover)
VALUES (143, 114, 'http://localhost:9000/atelier/products/camisa-acetinada-com-botoes-dourados/CAMISA ACETINADA COM BOTÕES DOURADOS HOVER.jpg', 'CAMISA ACETINADA COM BOTÕES DOURADOS HOVER.jpg', 2, false);
INSERT INTO product_images (id, product_color_id, url, file_name, display_order, is_cover)
VALUES (144, 115, 'http://localhost:9000/atelier/products/camisa-acetinada-com-botoes-dourados/CAMISA ACETINADA COM BOTÕES DOURADOS COLOR2 FOTO1.jpg', 'CAMISA ACETINADA COM BOTÕES DOURADOS COLOR2 FOTO1.jpg', 1, true);
INSERT INTO product_images (id, product_color_id, url, file_name, display_order, is_cover)
VALUES (145, 115, 'http://localhost:9000/atelier/products/camisa-acetinada-com-botoes-dourados/CAMISA ACETINADA COM BOTÕES DOURADOS COLOR2 FOTO2.jpg', 'CAMISA ACETINADA COM BOTÕES DOURADOS COLOR2 FOTO2.jpg', 2, false);
INSERT INTO product_images (id, product_color_id, url, file_name, display_order, is_cover)
VALUES (146, 115, 'http://localhost:9000/atelier/products/camisa-acetinada-com-botoes-dourados/CAMISA ACETINADA COM BOTÕES DOURADOS COLOR2 FOTO3.jpg', 'CAMISA ACETINADA COM BOTÕES DOURADOS COLOR2 FOTO3.jpg', 3, false);
INSERT INTO product_images (id, product_color_id, url, file_name, display_order, is_cover)
VALUES (147, 116, 'http://localhost:9000/atelier/products/camisa-gasa-oversize-com-bolso/CAMISA GASA OVERSIZE COM BOLSO CAPA.jpg', 'CAMISA GASA OVERSIZE COM BOLSO CAPA.jpg', 1, true);
INSERT INTO product_images (id, product_color_id, url, file_name, display_order, is_cover)
VALUES (148, 116, 'http://localhost:9000/atelier/products/camisa-gasa-oversize-com-bolso/CAMISA GASA OVERSIZE COM BOLSO HOVER.jpg', 'CAMISA GASA OVERSIZE COM BOLSO HOVER.jpg', 2, false);
INSERT INTO product_images (id, product_color_id, url, file_name, display_order, is_cover)
VALUES (149, 117, 'http://localhost:9000/atelier/products/camisa-listrada-com-laco/CAMISA LISTRADA COM LAÇO 3.jpg', 'CAMISA LISTRADA COM LAÇO 3.jpg', 3, false);
INSERT INTO product_images (id, product_color_id, url, file_name, display_order, is_cover)
VALUES (150, 117, 'http://localhost:9000/atelier/products/camisa-listrada-com-laco/CAMISA LISTRADA COM LAÇO CAPA.jpg', 'CAMISA LISTRADA COM LAÇO CAPA.jpg', 1, true);
INSERT INTO product_images (id, product_color_id, url, file_name, display_order, is_cover)
VALUES (151, 117, 'http://localhost:9000/atelier/products/camisa-listrada-com-laco/CAMISA LISTRADA COM LAÇO HOVER.jpg', 'CAMISA LISTRADA COM LAÇO HOVER.jpg', 2, false);
INSERT INTO product_images (id, product_color_id, url, file_name, display_order, is_cover)
VALUES (152, 118, 'http://localhost:9000/atelier/products/camisa-listrada-com-laco/CAMISA LISTRADA COM LAÇO COLOR2 FOTO1.jpg', 'CAMISA LISTRADA COM LAÇO COLOR2 FOTO1.jpg', 1, true);
INSERT INTO product_images (id, product_color_id, url, file_name, display_order, is_cover)
VALUES (153, 118, 'http://localhost:9000/atelier/products/camisa-listrada-com-laco/CAMISA LISTRADA COM LAÇO COLOR2 FOTO2.jpg', 'CAMISA LISTRADA COM LAÇO COLOR2 FOTO2.jpg', 2, false);
INSERT INTO product_images (id, product_color_id, url, file_name, display_order, is_cover)
VALUES (154, 119, 'http://localhost:9000/atelier/products/camisa-listrada-cruzada/CAMISA LISTRADA CRUZADA 3.jpg', 'CAMISA LISTRADA CRUZADA 3.jpg', 3, false);
INSERT INTO product_images (id, product_color_id, url, file_name, display_order, is_cover)
VALUES (155, 119, 'http://localhost:9000/atelier/products/camisa-listrada-cruzada/CAMISA LISTRADA CRUZADA CAPA.jpg', 'CAMISA LISTRADA CRUZADA CAPA.jpg', 1, true);
INSERT INTO product_images (id, product_color_id, url, file_name, display_order, is_cover)
VALUES (156, 119, 'http://localhost:9000/atelier/products/camisa-listrada-cruzada/CAMISA LISTRADA CRUZADA HOVER.jpg', 'CAMISA LISTRADA CRUZADA HOVER.jpg', 2, false);

-- ── FEMININO / CAMISETAS ──────────────────
INSERT INTO product_images (id, product_color_id, url, file_name, display_order, is_cover)
VALUES (157, 120, 'http://localhost:9000/atelier/products/camiseta-algodao-100-botoes/CAMISETA ALGODÃO 100% BOTÕES 3.jpg', 'CAMISETA ALGODÃO 100% BOTÕES 3.jpg', 3, false);
INSERT INTO product_images (id, product_color_id, url, file_name, display_order, is_cover)
VALUES (158, 120, 'http://localhost:9000/atelier/products/camiseta-algodao-100-botoes/CAMISETA ALGODÃO 100% BOTÕES CAPA.jpg', 'CAMISETA ALGODÃO 100% BOTÕES CAPA.jpg', 1, true);
INSERT INTO product_images (id, product_color_id, url, file_name, display_order, is_cover)
VALUES (159, 120, 'http://localhost:9000/atelier/products/camiseta-algodao-100-botoes/CAMISETA ALGODÃO 100% BOTÕES HOVER.jpg', 'CAMISETA ALGODÃO 100% BOTÕES HOVER.jpg', 2, false);
INSERT INTO product_images (id, product_color_id, url, file_name, display_order, is_cover)
VALUES (160, 121, 'http://localhost:9000/atelier/products/camiseta-algodao-100-botoes-hover/CAMISETA ALGODÃO 100% BOTÕES HOVER COLOR2 FOTO1.jpg', 'CAMISETA ALGODÃO 100% BOTÕES HOVER COLOR2 FOTO1.jpg', 1, true);
INSERT INTO product_images (id, product_color_id, url, file_name, display_order, is_cover)
VALUES (161, 121, 'http://localhost:9000/atelier/products/camiseta-algodao-100-botoes-hover/CAMISETA ALGODÃO 100% BOTÕES HOVER COLOR2 FOTO2.jpg', 'CAMISETA ALGODÃO 100% BOTÕES HOVER COLOR2 FOTO2.jpg', 2, false);
INSERT INTO product_images (id, product_color_id, url, file_name, display_order, is_cover)
VALUES (162, 122, 'http://localhost:9000/atelier/products/camiseta-com-texto-em-contraste/CAMISETA COM TEXTO EM CONTRASTE 3.jpg', 'CAMISETA COM TEXTO EM CONTRASTE 3.jpg', 3, false);
INSERT INTO product_images (id, product_color_id, url, file_name, display_order, is_cover)
VALUES (163, 122, 'http://localhost:9000/atelier/products/camiseta-com-texto-em-contraste/CAMISETA COM TEXTO EM CONTRASTE CAPA.jpg', 'CAMISETA COM TEXTO EM CONTRASTE CAPA.jpg', 1, true);
INSERT INTO product_images (id, product_color_id, url, file_name, display_order, is_cover)
VALUES (164, 122, 'http://localhost:9000/atelier/products/camiseta-com-texto-em-contraste/CAMISETA COM TEXTO EM CONTRASTE HOVER.jpg', 'CAMISETA COM TEXTO EM CONTRASTE HOVER.jpg', 2, false);
INSERT INTO product_images (id, product_color_id, url, file_name, display_order, is_cover)
VALUES (165, 123, 'http://localhost:9000/atelier/products/camiseta-interlock-de-manga-curta/CAMISETA INTERLOCK DE MANGA CURTA 3.jpg', 'CAMISETA INTERLOCK DE MANGA CURTA 3.jpg', 3, false);
INSERT INTO product_images (id, product_color_id, url, file_name, display_order, is_cover)
VALUES (166, 123, 'http://localhost:9000/atelier/products/camiseta-interlock-de-manga-curta/CAMISETA INTERLOCK DE MANGA CURTA 4.jpg', 'CAMISETA INTERLOCK DE MANGA CURTA 4.jpg', 4, false);
INSERT INTO product_images (id, product_color_id, url, file_name, display_order, is_cover)
VALUES (167, 123, 'http://localhost:9000/atelier/products/camiseta-interlock-de-manga-curta/CAMISETA INTERLOCK DE MANGA CURTA CAPA.jpg', 'CAMISETA INTERLOCK DE MANGA CURTA CAPA.jpg', 1, true);
INSERT INTO product_images (id, product_color_id, url, file_name, display_order, is_cover)
VALUES (168, 123, 'http://localhost:9000/atelier/products/camiseta-interlock-de-manga-curta/CAMISETA INTERLOCK DE MANGA CURTA HOVER.jpg', 'CAMISETA INTERLOCK DE MANGA CURTA HOVER.jpg', 2, false);
INSERT INTO product_images (id, product_color_id, url, file_name, display_order, is_cover)
VALUES (169, 124, 'http://localhost:9000/atelier/products/camiseta-listrada-com-texto/CAMISETA LISTRADA COM TEXTO 3.jpg', 'CAMISETA LISTRADA COM TEXTO 3.jpg', 3, false);
INSERT INTO product_images (id, product_color_id, url, file_name, display_order, is_cover)
VALUES (170, 124, 'http://localhost:9000/atelier/products/camiseta-listrada-com-texto/CAMISETA LISTRADA COM TEXTO CAPA.jpg', 'CAMISETA LISTRADA COM TEXTO CAPA.jpg', 1, true);
INSERT INTO product_images (id, product_color_id, url, file_name, display_order, is_cover)
VALUES (171, 124, 'http://localhost:9000/atelier/products/camiseta-listrada-com-texto/CAMISETA LISTRADA COM TEXTO HOVER.jpg', 'CAMISETA LISTRADA COM TEXTO HOVER.jpg', 2, false);

-- ── FEMININO / CASACOS ──────────────────
INSERT INTO product_images (id, product_color_id, url, file_name, display_order, is_cover)
VALUES (172, 125, 'http://localhost:9000/atelier/products/casaco-com-la/CASACO COM LÃ CAPA.jpg', 'CASACO COM LÃ CAPA.jpg', 1, true);
INSERT INTO product_images (id, product_color_id, url, file_name, display_order, is_cover)
VALUES (173, 125, 'http://localhost:9000/atelier/products/casaco-com-la/CASACO COM LÃ HOVER.jpg', 'CASACO COM LÃ HOVER.jpg', 2, false);
INSERT INTO product_images (id, product_color_id, url, file_name, display_order, is_cover)
VALUES (174, 126, 'http://localhost:9000/atelier/products/casaco-curto-de-la/CASACO CURTO DE LÃ 3.jpg', 'CASACO CURTO DE LÃ 3.jpg', 3, false);
INSERT INTO product_images (id, product_color_id, url, file_name, display_order, is_cover)
VALUES (175, 126, 'http://localhost:9000/atelier/products/casaco-curto-de-la/CASACO CURTO DE LÃ CAPA.jpg', 'CASACO CURTO DE LÃ CAPA.jpg', 1, true);
INSERT INTO product_images (id, product_color_id, url, file_name, display_order, is_cover)
VALUES (176, 126, 'http://localhost:9000/atelier/products/casaco-curto-de-la/CASACO CURTO DE LÃ HOVER.jpg', 'CASACO CURTO DE LÃ HOVER.jpg', 2, false);
INSERT INTO product_images (id, product_color_id, url, file_name, display_order, is_cover)
VALUES (177, 127, 'http://localhost:9000/atelier/products/casaco-curto-de-pelo-sintetico/CASACO CURTO DE PELO SINTÉTICO 3.jpg', 'CASACO CURTO DE PELO SINTÉTICO 3.jpg', 3, false);
INSERT INTO product_images (id, product_color_id, url, file_name, display_order, is_cover)
VALUES (178, 127, 'http://localhost:9000/atelier/products/casaco-curto-de-pelo-sintetico/CASACO CURTO DE PELO SINTÉTICO CAPA.jpg', 'CASACO CURTO DE PELO SINTÉTICO CAPA.jpg', 1, true);
INSERT INTO product_images (id, product_color_id, url, file_name, display_order, is_cover)
VALUES (179, 127, 'http://localhost:9000/atelier/products/casaco-curto-de-pelo-sintetico/CASACO CURTO DE PELO SINTÉTICO HOVER.jpg', 'CASACO CURTO DE PELO SINTÉTICO HOVER.jpg', 2, false);
INSERT INTO product_images (id, product_color_id, url, file_name, display_order, is_cover)
VALUES (180, 128, 'http://localhost:9000/atelier/products/casaco-de-mistura-de-la/CASACO DE MISTURA DE LÃ 3.jpg', 'CASACO DE MISTURA DE LÃ 3.jpg', 3, false);
INSERT INTO product_images (id, product_color_id, url, file_name, display_order, is_cover)
VALUES (181, 128, 'http://localhost:9000/atelier/products/casaco-de-mistura-de-la/CASACO DE MISTURA DE LÃ 4.jpg', 'CASACO DE MISTURA DE LÃ 4.jpg', 4, false);
INSERT INTO product_images (id, product_color_id, url, file_name, display_order, is_cover)
VALUES (182, 128, 'http://localhost:9000/atelier/products/casaco-de-mistura-de-la/CASACO DE MISTURA DE LÃ CAPA.jpg', 'CASACO DE MISTURA DE LÃ CAPA.jpg', 1, true);
INSERT INTO product_images (id, product_color_id, url, file_name, display_order, is_cover)
VALUES (183, 128, 'http://localhost:9000/atelier/products/casaco-de-mistura-de-la/CASACO DE MISTURA DE LÃ HOVER.jpg', 'CASACO DE MISTURA DE LÃ HOVER.jpg', 2, false);
INSERT INTO product_images (id, product_color_id, url, file_name, display_order, is_cover)
VALUES (184, 129, 'http://localhost:9000/atelier/products/casaco-la-zw/CASACO LÃ ZW 3.jpg', 'CASACO LÃ ZW 3.jpg', 3, false);
INSERT INTO product_images (id, product_color_id, url, file_name, display_order, is_cover)
VALUES (185, 129, 'http://localhost:9000/atelier/products/casaco-la-zw/CASACO LÃ ZW CAPA.jpg', 'CASACO LÃ ZW CAPA.jpg', 1, true);
INSERT INTO product_images (id, product_color_id, url, file_name, display_order, is_cover)
VALUES (186, 129, 'http://localhost:9000/atelier/products/casaco-la-zw/CASACO LÃ ZW HOVER.jpg', 'CASACO LÃ ZW HOVER.jpg', 2, false);
INSERT INTO product_images (id, product_color_id, url, file_name, display_order, is_cover)
VALUES (187, 130, 'http://localhost:9000/atelier/products/casaco-la-zw/CASACO LÃ ZW COLOR2 FOTO1.jpg', 'CASACO LÃ ZW COLOR2 FOTO1.jpg', 1, true);
INSERT INTO product_images (id, product_color_id, url, file_name, display_order, is_cover)
VALUES (188, 130, 'http://localhost:9000/atelier/products/casaco-la-zw/CASACO LÃ ZW COLOR2 FOTO2.jpg', 'CASACO LÃ ZW COLOR2 FOTO2.jpg', 2, false);
INSERT INTO product_images (id, product_color_id, url, file_name, display_order, is_cover)
VALUES (189, 130, 'http://localhost:9000/atelier/products/casaco-la-zw/CASACO LÃ ZW COLOR2 FOTO3.jpg', 'CASACO LÃ ZW COLOR2 FOTO3.jpg', 3, false);
INSERT INTO product_images (id, product_color_id, url, file_name, display_order, is_cover)
VALUES (190, 131, 'http://localhost:9000/atelier/products/casaco-ombreiras-soft/CASACO OMBREIRAS SOFT 3.jpg', 'CASACO OMBREIRAS SOFT 3.jpg', 3, false);
INSERT INTO product_images (id, product_color_id, url, file_name, display_order, is_cover)
VALUES (191, 131, 'http://localhost:9000/atelier/products/casaco-ombreiras-soft/CASACO OMBREIRAS SOFT CAPA.jpg', 'CASACO OMBREIRAS SOFT CAPA.jpg', 1, true);
INSERT INTO product_images (id, product_color_id, url, file_name, display_order, is_cover)
VALUES (192, 131, 'http://localhost:9000/atelier/products/casaco-ombreiras-soft/CASACO OMBREIRAS SOFT HOVER.jpg', 'CASACO OMBREIRAS SOFT HOVER.jpg', 2, false);
INSERT INTO product_images (id, product_color_id, url, file_name, display_order, is_cover)
VALUES (193, 132, 'http://localhost:9000/atelier/products/casaco-ombreiras-soft/CASACO OMBREIRAS SOFT COLOR2 FOTO1.jpg', 'CASACO OMBREIRAS SOFT COLOR2 FOTO1.jpg', 1, true);
INSERT INTO product_images (id, product_color_id, url, file_name, display_order, is_cover)
VALUES (194, 132, 'http://localhost:9000/atelier/products/casaco-ombreiras-soft/CASACO OMBREIRAS SOFT COLOR2 FOTO2.jpg', 'CASACO OMBREIRAS SOFT COLOR2 FOTO2.jpg', 2, false);
INSERT INTO product_images (id, product_color_id, url, file_name, display_order, is_cover)
VALUES (195, 132, 'http://localhost:9000/atelier/products/casaco-ombreiras-soft/CASACO OMBREIRAS SOFT COLOR2 FOTO3.jpg', 'CASACO OMBREIRAS SOFT COLOR2 FOTO3.jpg', 3, false);
INSERT INTO product_images (id, product_color_id, url, file_name, display_order, is_cover)
VALUES (196, 133, 'http://localhost:9000/atelier/products/casaco-ombreiras-soft/CASACO OMBREIRAS SOFT COLOR3 FOTO1.jpg', 'CASACO OMBREIRAS SOFT COLOR3 FOTO1.jpg', 1, true);
INSERT INTO product_images (id, product_color_id, url, file_name, display_order, is_cover)
VALUES (197, 133, 'http://localhost:9000/atelier/products/casaco-ombreiras-soft/CASACO OMBREIRAS SOFT COLOR3 FOTO2.jpg', 'CASACO OMBREIRAS SOFT COLOR3 FOTO2.jpg', 2, false);

-- ── FEMININO / JAQUETAS ──────────────────
INSERT INTO product_images (id, product_color_id, url, file_name, display_order, is_cover)
VALUES (198, 134, 'http://localhost:9000/atelier/products/casaco-de-plumas-curto/CASACO DE PLUMAS CURTO 3.jpg', 'CASACO DE PLUMAS CURTO 3.jpg', 3, false);
INSERT INTO product_images (id, product_color_id, url, file_name, display_order, is_cover)
VALUES (199, 134, 'http://localhost:9000/atelier/products/casaco-de-plumas-curto/CASACO DE PLUMAS CURTO CAPA.jpg', 'CASACO DE PLUMAS CURTO CAPA.jpg', 1, true);
INSERT INTO product_images (id, product_color_id, url, file_name, display_order, is_cover)
VALUES (200, 134, 'http://localhost:9000/atelier/products/casaco-de-plumas-curto/CASACO DE PLUMAS CURTO HOVER.jpg', 'CASACO DE PLUMAS CURTO HOVER.jpg', 2, false);
INSERT INTO product_images (id, product_color_id, url, file_name, display_order, is_cover)
VALUES (201, 135, 'http://localhost:9000/atelier/products/jaqueta-com-efeito-suede-de-gola-alta/JAQUETA COM EFEITO SUEDE DE GOLA ALTA 3.jpg', 'JAQUETA COM EFEITO SUEDE DE GOLA ALTA 3.jpg', 3, false);
INSERT INTO product_images (id, product_color_id, url, file_name, display_order, is_cover)
VALUES (202, 135, 'http://localhost:9000/atelier/products/jaqueta-com-efeito-suede-de-gola-alta/JAQUETA COM EFEITO SUEDE DE GOLA ALTA 4.jpg', 'JAQUETA COM EFEITO SUEDE DE GOLA ALTA 4.jpg', 4, false);
INSERT INTO product_images (id, product_color_id, url, file_name, display_order, is_cover)
VALUES (203, 135, 'http://localhost:9000/atelier/products/jaqueta-com-efeito-suede-de-gola-alta/JAQUETA COM EFEITO SUEDE DE GOLA ALTA CAPA.jpg', 'JAQUETA COM EFEITO SUEDE DE GOLA ALTA CAPA.jpg', 1, true);
INSERT INTO product_images (id, product_color_id, url, file_name, display_order, is_cover)
VALUES (204, 135, 'http://localhost:9000/atelier/products/jaqueta-com-efeito-suede-de-gola-alta/JAQUETA COM EFEITO SUEDE DE GOLA ALTA HOVER.jpg', 'JAQUETA COM EFEITO SUEDE DE GOLA ALTA HOVER.jpg', 2, false);
INSERT INTO product_images (id, product_color_id, url, file_name, display_order, is_cover)
VALUES (205, 136, 'http://localhost:9000/atelier/products/jaqueta-com-efeito-suede-de-gola-alta/JAQUETA COM EFEITO SUEDE DE GOLA ALTA COLOR2 FOTO1.jpg', 'JAQUETA COM EFEITO SUEDE DE GOLA ALTA COLOR2 FOTO1.jpg', 1, true);
INSERT INTO product_images (id, product_color_id, url, file_name, display_order, is_cover)
VALUES (206, 136, 'http://localhost:9000/atelier/products/jaqueta-com-efeito-suede-de-gola-alta/JAQUETA COM EFEITO SUEDE DE GOLA ALTA COLOR2 FOTO2.jpg', 'JAQUETA COM EFEITO SUEDE DE GOLA ALTA COLOR2 FOTO2.jpg', 2, false);
INSERT INTO product_images (id, product_color_id, url, file_name, display_order, is_cover)
VALUES (207, 137, 'http://localhost:9000/atelier/products/jaqueta-de-poliuretano/JAQUETA DE POLIURETANO 3.jpg', 'JAQUETA DE POLIURETANO 3.jpg', 3, false);
INSERT INTO product_images (id, product_color_id, url, file_name, display_order, is_cover)
VALUES (208, 137, 'http://localhost:9000/atelier/products/jaqueta-de-poliuretano/JAQUETA DE POLIURETANO CAPA.jpg', 'JAQUETA DE POLIURETANO CAPA.jpg', 1, true);
INSERT INTO product_images (id, product_color_id, url, file_name, display_order, is_cover)
VALUES (209, 137, 'http://localhost:9000/atelier/products/jaqueta-de-poliuretano/JAQUETA DE POLIURETANO HOVER.jpg', 'JAQUETA DE POLIURETANO HOVER.jpg', 2, false);
INSERT INTO product_images (id, product_color_id, url, file_name, display_order, is_cover)
VALUES (210, 138, 'http://localhost:9000/atelier/products/jaqueta-de-veludo-cotele-com-contraste/JAQUETA DE VELUDO COTELÊ COM CONTRASTE 3.jpg', 'JAQUETA DE VELUDO COTELÊ COM CONTRASTE 3.jpg', 3, false);
INSERT INTO product_images (id, product_color_id, url, file_name, display_order, is_cover)
VALUES (211, 138, 'http://localhost:9000/atelier/products/jaqueta-de-veludo-cotele-com-contraste/JAQUETA DE VELUDO COTELÊ COM CONTRASTE CAPA.jpg', 'JAQUETA DE VELUDO COTELÊ COM CONTRASTE CAPA.jpg', 1, true);
INSERT INTO product_images (id, product_color_id, url, file_name, display_order, is_cover)
VALUES (212, 138, 'http://localhost:9000/atelier/products/jaqueta-de-veludo-cotele-com-contraste/JAQUETA DE VELUDO COTELÊ COM CONTRASTE HOVER.jpg', 'JAQUETA DE VELUDO COTELÊ COM CONTRASTE HOVER.jpg', 2, false);
INSERT INTO product_images (id, product_color_id, url, file_name, display_order, is_cover)
VALUES (213, 139, 'http://localhost:9000/atelier/products/jaqueta-de-veludo-cotele-com-contraste/JAQUETA DE VELUDO COTELÊ COM CONTRASTE COLOR2 FOTO1.jpg', 'JAQUETA DE VELUDO COTELÊ COM CONTRASTE COLOR2 FOTO1.jpg', 1, true);
INSERT INTO product_images (id, product_color_id, url, file_name, display_order, is_cover)
VALUES (214, 139, 'http://localhost:9000/atelier/products/jaqueta-de-veludo-cotele-com-contraste/JAQUETA DE VELUDO COTELÊ COM CONTRASTE COLOR2 FOTO2.jpg', 'JAQUETA DE VELUDO COTELÊ COM CONTRASTE COLOR2 FOTO2.jpg', 2, false);
INSERT INTO product_images (id, product_color_id, url, file_name, display_order, is_cover)
VALUES (215, 140, 'http://localhost:9000/atelier/products/jaqueta-reversivel-dupla-face/JAQUETA REVERSÍVEL DUPLA FACE 3.jpg', 'JAQUETA REVERSÍVEL DUPLA FACE 3.jpg', 3, false);
INSERT INTO product_images (id, product_color_id, url, file_name, display_order, is_cover)
VALUES (216, 140, 'http://localhost:9000/atelier/products/jaqueta-reversivel-dupla-face/JAQUETA REVERSÍVEL DUPLA FACE 4.jpg', 'JAQUETA REVERSÍVEL DUPLA FACE 4.jpg', 4, false);
INSERT INTO product_images (id, product_color_id, url, file_name, display_order, is_cover)
VALUES (217, 140, 'http://localhost:9000/atelier/products/jaqueta-reversivel-dupla-face/JAQUETA REVERSÍVEL DUPLA FACE CAPA.jpg', 'JAQUETA REVERSÍVEL DUPLA FACE CAPA.jpg', 1, true);
INSERT INTO product_images (id, product_color_id, url, file_name, display_order, is_cover)
VALUES (218, 140, 'http://localhost:9000/atelier/products/jaqueta-reversivel-dupla-face/JAQUETA REVERSÍVEL DUPLA FACE HOVER.jpg', 'JAQUETA REVERSÍVEL DUPLA FACE HOVER.jpg', 2, false);

-- ── FEMININO / JEANS ──────────────────
INSERT INTO product_images (id, product_color_id, url, file_name, display_order, is_cover)
VALUES (219, 141, 'http://localhost:9000/atelier/products/jeans-trf-skinny-cintura-alta/JEANS TRF SKINNY CINTURA ALTA 3.jpg', 'JEANS TRF SKINNY CINTURA ALTA 3.jpg', 3, false);
INSERT INTO product_images (id, product_color_id, url, file_name, display_order, is_cover)
VALUES (220, 141, 'http://localhost:9000/atelier/products/jeans-trf-skinny-cintura-alta/JEANS TRF SKINNY CINTURA ALTA CAPA.jpg', 'JEANS TRF SKINNY CINTURA ALTA CAPA.jpg', 1, true);
INSERT INTO product_images (id, product_color_id, url, file_name, display_order, is_cover)
VALUES (221, 141, 'http://localhost:9000/atelier/products/jeans-trf-skinny-cintura-alta/JEANS TRF SKINNY CINTURA ALTA HOVER.jpg', 'JEANS TRF SKINNY CINTURA ALTA HOVER.jpg', 2, false);
INSERT INTO product_images (id, product_color_id, url, file_name, display_order, is_cover)
VALUES (222, 142, 'http://localhost:9000/atelier/products/jeans-trf-skinny-cintura-alta/JEANS TRF SKINNY CINTURA ALTA COLOR2 FOTO1.jpg', 'JEANS TRF SKINNY CINTURA ALTA COLOR2 FOTO1.jpg', 1, true);
INSERT INTO product_images (id, product_color_id, url, file_name, display_order, is_cover)
VALUES (223, 142, 'http://localhost:9000/atelier/products/jeans-trf-skinny-cintura-alta/JEANS TRF SKINNY CINTURA ALTA COLOR2 FOTO2.jpg', 'JEANS TRF SKINNY CINTURA ALTA COLOR2 FOTO2.jpg', 2, false);
INSERT INTO product_images (id, product_color_id, url, file_name, display_order, is_cover)
VALUES (224, 143, 'http://localhost:9000/atelier/products/jeans-trf-skinny-cintura-alta/JEANS TRF SKINNY CINTURA ALTA COLOR3 FOTO1.jpg', 'JEANS TRF SKINNY CINTURA ALTA COLOR3 FOTO1.jpg', 1, true);
INSERT INTO product_images (id, product_color_id, url, file_name, display_order, is_cover)
VALUES (225, 143, 'http://localhost:9000/atelier/products/jeans-trf-skinny-cintura-alta/JEANS TRF SKINNY CINTURA ALTA COLOR3 FOTO2.jpg', 'JEANS TRF SKINNY CINTURA ALTA COLOR3 FOTO2.jpg', 2, false);
INSERT INTO product_images (id, product_color_id, url, file_name, display_order, is_cover)
VALUES (226, 144, 'http://localhost:9000/atelier/products/jeans-z01-mom-fit-cintura-alta-com-vinco-passado/JEANS Z.01 MOM FIT CINTURA ALTA COM VINCO PASSADO 3.jpg', 'JEANS Z.01 MOM FIT CINTURA ALTA COM VINCO PASSADO 3.jpg', 3, false);
INSERT INTO product_images (id, product_color_id, url, file_name, display_order, is_cover)
VALUES (227, 144, 'http://localhost:9000/atelier/products/jeans-z01-mom-fit-cintura-alta-com-vinco-passado/JEANS Z.01 MOM FIT CINTURA ALTA COM VINCO PASSADO CAPA.jpg', 'JEANS Z.01 MOM FIT CINTURA ALTA COM VINCO PASSADO CAPA.jpg', 1, true);
INSERT INTO product_images (id, product_color_id, url, file_name, display_order, is_cover)
VALUES (228, 144, 'http://localhost:9000/atelier/products/jeans-z01-mom-fit-cintura-alta-com-vinco-passado/JEANS Z.01 MOM FIT CINTURA ALTA COM VINCO PASSADO HOVER.jpg', 'JEANS Z.01 MOM FIT CINTURA ALTA COM VINCO PASSADO HOVER.jpg', 2, false);
INSERT INTO product_images (id, product_color_id, url, file_name, display_order, is_cover)
VALUES (229, 145, 'http://localhost:9000/atelier/products/jeans-z1975-barrel-cintura-media/JEANS Z1975 BARREL CINTURA MÉDIA 3.jpg', 'JEANS Z1975 BARREL CINTURA MÉDIA 3.jpg', 3, false);
INSERT INTO product_images (id, product_color_id, url, file_name, display_order, is_cover)
VALUES (230, 145, 'http://localhost:9000/atelier/products/jeans-z1975-barrel-cintura-media/JEANS Z1975 BARREL CINTURA MÉDIA CAPA.jpg', 'JEANS Z1975 BARREL CINTURA MÉDIA CAPA.jpg', 1, true);
INSERT INTO product_images (id, product_color_id, url, file_name, display_order, is_cover)
VALUES (231, 145, 'http://localhost:9000/atelier/products/jeans-z1975-barrel-cintura-media/JEANS Z1975 BARREL CINTURA MÉDIA HOVER.jpg', 'JEANS Z1975 BARREL CINTURA MÉDIA HOVER.jpg', 2, false);
INSERT INTO product_images (id, product_color_id, url, file_name, display_order, is_cover)
VALUES (232, 146, 'http://localhost:9000/atelier/products/jeans-z1975-cropped-de-cintura-media/JEANS Z1975 CROPPED DE CINTURA MÉDIA 3.jpg', 'JEANS Z1975 CROPPED DE CINTURA MÉDIA 3.jpg', 3, false);
INSERT INTO product_images (id, product_color_id, url, file_name, display_order, is_cover)
VALUES (233, 146, 'http://localhost:9000/atelier/products/jeans-z1975-cropped-de-cintura-media/JEANS Z1975 CROPPED DE CINTURA MÉDIA 4.jpg', 'JEANS Z1975 CROPPED DE CINTURA MÉDIA 4.jpg', 4, false);
INSERT INTO product_images (id, product_color_id, url, file_name, display_order, is_cover)
VALUES (234, 146, 'http://localhost:9000/atelier/products/jeans-z1975-cropped-de-cintura-media/JEANS Z1975 CROPPED DE CINTURA MÉDIA CAPA.jpg', 'JEANS Z1975 CROPPED DE CINTURA MÉDIA CAPA.jpg', 1, true);
INSERT INTO product_images (id, product_color_id, url, file_name, display_order, is_cover)
VALUES (235, 146, 'http://localhost:9000/atelier/products/jeans-z1975-cropped-de-cintura-media/JEANS Z1975 CROPPED DE CINTURA MÉDIA HOVER.jpg', 'JEANS Z1975 CROPPED DE CINTURA MÉDIA HOVER.jpg', 2, false);
INSERT INTO product_images (id, product_color_id, url, file_name, display_order, is_cover)
VALUES (236, 147, 'http://localhost:9000/atelier/products/jeans-z1975-cropped-de-cintura-media/JEANS Z1975 CROPPED DE CINTURA MÉDIA COLOR2 FOTO1.jpg', 'JEANS Z1975 CROPPED DE CINTURA MÉDIA COLOR2 FOTO1.jpg', 1, true);
INSERT INTO product_images (id, product_color_id, url, file_name, display_order, is_cover)
VALUES (237, 147, 'http://localhost:9000/atelier/products/jeans-z1975-cropped-de-cintura-media/JEANS Z1975 CROPPED DE CINTURA MÉDIA COLOR2 FOTO2.jpg', 'JEANS Z1975 CROPPED DE CINTURA MÉDIA COLOR2 FOTO2.jpg', 2, false);
INSERT INTO product_images (id, product_color_id, url, file_name, display_order, is_cover)
VALUES (238, 148, 'http://localhost:9000/atelier/products/jeans-z1975-cropped-de-cintura-media/JEANS Z1975 CROPPED DE CINTURA MÉDIA COLOR3 FOTO1.jpg', 'JEANS Z1975 CROPPED DE CINTURA MÉDIA COLOR3 FOTO1.jpg', 1, true);
INSERT INTO product_images (id, product_color_id, url, file_name, display_order, is_cover)
VALUES (239, 148, 'http://localhost:9000/atelier/products/jeans-z1975-cropped-de-cintura-media/JEANS Z1975 CROPPED DE CINTURA MÉDIA COLOR3 FOTO2.jpg', 'JEANS Z1975 CROPPED DE CINTURA MÉDIA COLOR3 FOTO2.jpg', 2, false);
INSERT INTO product_images (id, product_color_id, url, file_name, display_order, is_cover)
VALUES (240, 149, 'http://localhost:9000/atelier/products/jeans-zw-collection-wide-leg-cintura-alta/JEANS ZW COLLECTION WIDE LEG CINTURA ALTA 3.jpg', 'JEANS ZW COLLECTION WIDE LEG CINTURA ALTA 3.jpg', 3, false);
INSERT INTO product_images (id, product_color_id, url, file_name, display_order, is_cover)
VALUES (241, 149, 'http://localhost:9000/atelier/products/jeans-zw-collection-wide-leg-cintura-alta/JEANS ZW COLLECTION WIDE LEG CINTURA ALTA CAPA.jpg', 'JEANS ZW COLLECTION WIDE LEG CINTURA ALTA CAPA.jpg', 1, true);
INSERT INTO product_images (id, product_color_id, url, file_name, display_order, is_cover)
VALUES (242, 149, 'http://localhost:9000/atelier/products/jeans-zw-collection-wide-leg-cintura-alta/JEANS ZW COLLECTION WIDE LEG CINTURA ALTA HOVER.jpg', 'JEANS ZW COLLECTION WIDE LEG CINTURA ALTA HOVER.jpg', 2, false);
INSERT INTO product_images (id, product_color_id, url, file_name, display_order, is_cover)
VALUES (243, 150, 'http://localhost:9000/atelier/products/jeans-zw-collection-wide-leg-cintura-alta/JEANS ZW COLLECTION WIDE LEG CINTURA ALTA COLOR2 FOTO2.jpg', 'JEANS ZW COLLECTION WIDE LEG CINTURA ALTA COLOR2 FOTO2.jpg', 2, false);
INSERT INTO product_images (id, product_color_id, url, file_name, display_order, is_cover)
VALUES (244, 151, 'http://localhost:9000/atelier/products/jeans-zw-collection-wide-leg-cintura-alta/JEANS ZW COLLECTION WIDE LEG CINTURA ALTA COLOR3 FOTO1.jpg', 'JEANS ZW COLLECTION WIDE LEG CINTURA ALTA COLOR3 FOTO1.jpg', 1, true);
INSERT INTO product_images (id, product_color_id, url, file_name, display_order, is_cover)
VALUES (245, 151, 'http://localhost:9000/atelier/products/jeans-zw-collection-wide-leg-cintura-alta/JEANS ZW COLLECTION WIDE LEG CINTURA ALTA COLOR3 FOTO2.jpg', 'JEANS ZW COLLECTION WIDE LEG CINTURA ALTA COLOR3 FOTO2.jpg', 2, false);
INSERT INTO product_images (id, product_color_id, url, file_name, display_order, is_cover)
VALUES (246, 152, 'http://localhost:9000/atelier/products/jeans-zw-collection-wide-leg-cintura-alta-foto2/JEANS ZW COLLECTION WIDE LEG CINTURA ALTA FOTO2 COLOR1.jpg', 'JEANS ZW COLLECTION WIDE LEG CINTURA ALTA FOTO2 COLOR1.jpg', 99, false);

-- ── FEMININO / SHORTS_BERMUDAS ──────────────────
INSERT INTO product_images (id, product_color_id, url, file_name, display_order, is_cover)
VALUES (247, 153, 'http://localhost:9000/atelier/products/short-de-poliuretano/SHORT DE POLIURETANO 3.jpg', 'SHORT DE POLIURETANO 3.jpg', 3, false);
INSERT INTO product_images (id, product_color_id, url, file_name, display_order, is_cover)
VALUES (248, 153, 'http://localhost:9000/atelier/products/short-de-poliuretano/SHORT DE POLIURETANO CAPA.jpg', 'SHORT DE POLIURETANO CAPA.jpg', 1, true);
INSERT INTO product_images (id, product_color_id, url, file_name, display_order, is_cover)
VALUES (249, 153, 'http://localhost:9000/atelier/products/short-de-poliuretano/SHORT DE POLIURETANO HOVER.jpg', 'SHORT DE POLIURETANO HOVER.jpg', 2, false);
INSERT INTO product_images (id, product_color_id, url, file_name, display_order, is_cover)
VALUES (250, 154, 'http://localhost:9000/atelier/products/short-de-poliuretano/SHORT DE POLIURETANO COLOR2 FOTO1.jpg', 'SHORT DE POLIURETANO COLOR2 FOTO1.jpg', 1, true);
INSERT INTO product_images (id, product_color_id, url, file_name, display_order, is_cover)
VALUES (251, 154, 'http://localhost:9000/atelier/products/short-de-poliuretano/SHORT DE POLIURETANO COLOR2 FOTO2.jpg', 'SHORT DE POLIURETANO COLOR2 FOTO2.jpg', 2, false);
INSERT INTO product_images (id, product_color_id, url, file_name, display_order, is_cover)
VALUES (252, 155, 'http://localhost:9000/atelier/products/short-globo-acetinado-com-renda/SHORT GLOBO ACETINADO COM RENDA 3.jpg', 'SHORT GLOBO ACETINADO COM RENDA 3.jpg', 3, false);
INSERT INTO product_images (id, product_color_id, url, file_name, display_order, is_cover)
VALUES (253, 155, 'http://localhost:9000/atelier/products/short-globo-acetinado-com-renda/SHORT GLOBO ACETINADO COM RENDA CAPA.jpg', 'SHORT GLOBO ACETINADO COM RENDA CAPA.jpg', 1, true);
INSERT INTO product_images (id, product_color_id, url, file_name, display_order, is_cover)
VALUES (254, 155, 'http://localhost:9000/atelier/products/short-globo-acetinado-com-renda/SHORT GLOBO ACETINADO COM RENDA HOVER.jpg', 'SHORT GLOBO ACETINADO COM RENDA HOVER.jpg', 2, false);
INSERT INTO product_images (id, product_color_id, url, file_name, display_order, is_cover)
VALUES (255, 156, 'http://localhost:9000/atelier/products/short-saia-de-veludo-cotele-com-cinto/SHORT-SAIA DE VELUDO COTELÊ COM CINTO 3.jpg', 'SHORT-SAIA DE VELUDO COTELÊ COM CINTO 3.jpg', 3, false);
INSERT INTO product_images (id, product_color_id, url, file_name, display_order, is_cover)
VALUES (256, 156, 'http://localhost:9000/atelier/products/short-saia-de-veludo-cotele-com-cinto/SHORT-SAIA DE VELUDO COTELÊ COM CINTO CAPA.jpg', 'SHORT-SAIA DE VELUDO COTELÊ COM CINTO CAPA.jpg', 1, true);
INSERT INTO product_images (id, product_color_id, url, file_name, display_order, is_cover)
VALUES (257, 156, 'http://localhost:9000/atelier/products/short-saia-de-veludo-cotele-com-cinto/SHORT-SAIA DE VELUDO COTELÊ COM CINTO HOVER.jpg', 'SHORT-SAIA DE VELUDO COTELÊ COM CINTO HOVER.jpg', 2, false);
INSERT INTO product_images (id, product_color_id, url, file_name, display_order, is_cover)
VALUES (258, 157, 'http://localhost:9000/atelier/products/shorts-com-babado/SHORTS COM BABADO 3.jpg', 'SHORTS COM BABADO 3.jpg', 3, false);
INSERT INTO product_images (id, product_color_id, url, file_name, display_order, is_cover)
VALUES (259, 157, 'http://localhost:9000/atelier/products/shorts-com-babado/SHORTS COM BABADO CAPA.jpg', 'SHORTS COM BABADO CAPA.jpg', 1, true);
INSERT INTO product_images (id, product_color_id, url, file_name, display_order, is_cover)
VALUES (260, 157, 'http://localhost:9000/atelier/products/shorts-com-babado/SHORTS COM BABADO HOVER.jpg', 'SHORTS COM BABADO HOVER.jpg', 2, false);

-- ── FEMININO / BLAZERS_COLETES ──────────────────
INSERT INTO product_images (id, product_color_id, url, file_name, display_order, is_cover)
VALUES (261, 158, 'http://localhost:9000/atelier/products/blazer-acinturado-com-ombreiras/BLAZER ACINTURADO COM OMBREIRAS 3.jpg', 'BLAZER ACINTURADO COM OMBREIRAS 3.jpg', 3, false);
INSERT INTO product_images (id, product_color_id, url, file_name, display_order, is_cover)
VALUES (262, 158, 'http://localhost:9000/atelier/products/blazer-acinturado-com-ombreiras/BLAZER ACINTURADO COM OMBREIRAS CAPA.jpg', 'BLAZER ACINTURADO COM OMBREIRAS CAPA.jpg', 1, true);
INSERT INTO product_images (id, product_color_id, url, file_name, display_order, is_cover)
VALUES (263, 158, 'http://localhost:9000/atelier/products/blazer-acinturado-com-ombreiras/BLAZER ACINTURADO COM OMBREIRAS HOVER.jpg', 'BLAZER ACINTURADO COM OMBREIRAS HOVER.jpg', 2, false);
INSERT INTO product_images (id, product_color_id, url, file_name, display_order, is_cover)
VALUES (264, 159, 'http://localhost:9000/atelier/products/blazer-cruzado/BLAZER CRUZADO 3.jpg', 'BLAZER CRUZADO 3.jpg', 3, false);
INSERT INTO product_images (id, product_color_id, url, file_name, display_order, is_cover)
VALUES (265, 159, 'http://localhost:9000/atelier/products/blazer-cruzado/BLAZER CRUZADO CAPA.jpg', 'BLAZER CRUZADO CAPA.jpg', 1, true);
INSERT INTO product_images (id, product_color_id, url, file_name, display_order, is_cover)
VALUES (266, 159, 'http://localhost:9000/atelier/products/blazer-cruzado/BLAZER CRUZADO HOVER.jpg', 'BLAZER CRUZADO HOVER.jpg', 2, false);
INSERT INTO product_images (id, product_color_id, url, file_name, display_order, is_cover)
VALUES (267, 160, 'http://localhost:9000/atelier/products/blazer-cruzado/BLAZER CRUZADO COLOR2 FOTO1.jpg', 'BLAZER CRUZADO COLOR2 FOTO1.jpg', 1, true);
INSERT INTO product_images (id, product_color_id, url, file_name, display_order, is_cover)
VALUES (268, 160, 'http://localhost:9000/atelier/products/blazer-cruzado/BLAZER CRUZADO COLOR2 FOTO2.jpg', 'BLAZER CRUZADO COLOR2 FOTO2.jpg', 2, false);
INSERT INTO product_images (id, product_color_id, url, file_name, display_order, is_cover)
VALUES (269, 160, 'http://localhost:9000/atelier/products/blazer-cruzado/BLAZER CRUZADO COLOR2 FOTO3.jpg', 'BLAZER CRUZADO COLOR2 FOTO3.jpg', 3, false);
INSERT INTO product_images (id, product_color_id, url, file_name, display_order, is_cover)
VALUES (270, 161, 'http://localhost:9000/atelier/products/blazer-cruzado/BLAZER CRUZADO COLOR3 FOTO1.jpg', 'BLAZER CRUZADO COLOR3 FOTO1.jpg', 1, true);
INSERT INTO product_images (id, product_color_id, url, file_name, display_order, is_cover)
VALUES (271, 161, 'http://localhost:9000/atelier/products/blazer-cruzado/BLAZER CRUZADO COLOR3 FOTO2.jpg', 'BLAZER CRUZADO COLOR3 FOTO2.jpg', 2, false);
INSERT INTO product_images (id, product_color_id, url, file_name, display_order, is_cover)
VALUES (272, 162, 'http://localhost:9000/atelier/products/blazer-curto-xadrez/BLAZER CURTO XADREZ 3.jpg', 'BLAZER CURTO XADREZ 3.jpg', 3, false);
INSERT INTO product_images (id, product_color_id, url, file_name, display_order, is_cover)
VALUES (273, 162, 'http://localhost:9000/atelier/products/blazer-curto-xadrez/BLAZER CURTO XADREZ CAPA.jpg', 'BLAZER CURTO XADREZ CAPA.jpg', 1, true);
INSERT INTO product_images (id, product_color_id, url, file_name, display_order, is_cover)
VALUES (274, 162, 'http://localhost:9000/atelier/products/blazer-curto-xadrez/BLAZER CURTO XADREZ HOVER.jpg', 'BLAZER CURTO XADREZ HOVER.jpg', 2, false);
INSERT INTO product_images (id, product_color_id, url, file_name, display_order, is_cover)
VALUES (275, 163, 'http://localhost:9000/atelier/products/blazer-de-veludo-debrum-em-contraste/BLAZER DE VELUDO DEBRUM EM CONTRASTE 3.jpg', 'BLAZER DE VELUDO DEBRUM EM CONTRASTE 3.jpg', 3, false);
INSERT INTO product_images (id, product_color_id, url, file_name, display_order, is_cover)
VALUES (276, 163, 'http://localhost:9000/atelier/products/blazer-de-veludo-debrum-em-contraste/BLAZER DE VELUDO DEBRUM EM CONTRASTE 4.jpg', 'BLAZER DE VELUDO DEBRUM EM CONTRASTE 4.jpg', 4, false);
INSERT INTO product_images (id, product_color_id, url, file_name, display_order, is_cover)
VALUES (277, 163, 'http://localhost:9000/atelier/products/blazer-de-veludo-debrum-em-contraste/BLAZER DE VELUDO DEBRUM EM CONTRASTE CAPA.jpg', 'BLAZER DE VELUDO DEBRUM EM CONTRASTE CAPA.jpg', 1, true);
INSERT INTO product_images (id, product_color_id, url, file_name, display_order, is_cover)
VALUES (278, 163, 'http://localhost:9000/atelier/products/blazer-de-veludo-debrum-em-contraste/BLAZER DE VELUDO DEBRUM EM CONTRASTE HOVER.jpg', 'BLAZER DE VELUDO DEBRUM EM CONTRASTE HOVER.jpg', 2, false);
INSERT INTO product_images (id, product_color_id, url, file_name, display_order, is_cover)
VALUES (279, 164, 'http://localhost:9000/atelier/products/blazer-de-veludo-debrum-em-contraste/BLAZER DE VELUDO DEBRUM EM CONTRASTE COLOR2 FOTO1.jpg', 'BLAZER DE VELUDO DEBRUM EM CONTRASTE COLOR2 FOTO1.jpg', 1, true);
INSERT INTO product_images (id, product_color_id, url, file_name, display_order, is_cover)
VALUES (280, 164, 'http://localhost:9000/atelier/products/blazer-de-veludo-debrum-em-contraste/BLAZER DE VELUDO DEBRUM EM CONTRASTE COLOR2 FOTO2.jpg', 'BLAZER DE VELUDO DEBRUM EM CONTRASTE COLOR2 FOTO2.jpg', 2, false);

-- ── FEMININO / MOLETONS ──────────────────
INSERT INTO product_images (id, product_color_id, url, file_name, display_order, is_cover)
VALUES (281, 165, 'http://localhost:9000/atelier/products/calca-de-moletom-basica-reta-com-bainha-ajustavel/CALÇA DE MOLETOM BÁSICA RETA COM BAINHA AJUSTÁVEL 3.jpg', 'CALÇA DE MOLETOM BÁSICA RETA COM BAINHA AJUSTÁVEL 3.jpg', 3, false);
INSERT INTO product_images (id, product_color_id, url, file_name, display_order, is_cover)
VALUES (282, 165, 'http://localhost:9000/atelier/products/calca-de-moletom-basica-reta-com-bainha-ajustavel/CALÇA DE MOLETOM BÁSICA RETA COM BAINHA AJUSTÁVEL CAPA.jpg', 'CALÇA DE MOLETOM BÁSICA RETA COM BAINHA AJUSTÁVEL CAPA.jpg', 1, true);
INSERT INTO product_images (id, product_color_id, url, file_name, display_order, is_cover)
VALUES (283, 165, 'http://localhost:9000/atelier/products/calca-de-moletom-basica-reta-com-bainha-ajustavel/CALÇA DE MOLETOM BÁSICA RETA COM BAINHA AJUSTÁVEL HOVER.jpg', 'CALÇA DE MOLETOM BÁSICA RETA COM BAINHA AJUSTÁVEL HOVER.jpg', 2, false);
INSERT INTO product_images (id, product_color_id, url, file_name, display_order, is_cover)
VALUES (284, 166, 'http://localhost:9000/atelier/products/casaco-de-moletom-com-ziper/CASACO DE MOLETOM COM ZÍPER 3.jpg', 'CASACO DE MOLETOM COM ZÍPER 3.jpg', 3, false);
INSERT INTO product_images (id, product_color_id, url, file_name, display_order, is_cover)
VALUES (285, 166, 'http://localhost:9000/atelier/products/casaco-de-moletom-com-ziper/CASACO DE MOLETOM COM ZÍPER CAPA.jpg', 'CASACO DE MOLETOM COM ZÍPER CAPA.jpg', 1, true);
INSERT INTO product_images (id, product_color_id, url, file_name, display_order, is_cover)
VALUES (286, 166, 'http://localhost:9000/atelier/products/casaco-de-moletom-com-ziper/CASACO DE MOLETOM COM ZÍPER HOVER.jpg', 'CASACO DE MOLETOM COM ZÍPER HOVER.jpg', 2, false);
INSERT INTO product_images (id, product_color_id, url, file_name, display_order, is_cover)
VALUES (287, 167, 'http://localhost:9000/atelier/products/casaco-de-moletom-com-ziper/CASACO DE MOLETOM COM ZÍPER COLOR2 FOTO1.jpg', 'CASACO DE MOLETOM COM ZÍPER COLOR2 FOTO1.jpg', 1, true);
INSERT INTO product_images (id, product_color_id, url, file_name, display_order, is_cover)
VALUES (288, 167, 'http://localhost:9000/atelier/products/casaco-de-moletom-com-ziper/CASACO DE MOLETOM COM ZÍPER COLOR2 FOTO2.jpg', 'CASACO DE MOLETOM COM ZÍPER COLOR2 FOTO2.jpg', 2, false);
INSERT INTO product_images (id, product_color_id, url, file_name, display_order, is_cover)
VALUES (289, 168, 'http://localhost:9000/atelier/products/casaco-de-moletom-com-ziper/CASACO DE MOLETOM COM ZÍPER COLOR3 FOTO1.jpg', 'CASACO DE MOLETOM COM ZÍPER COLOR3 FOTO1.jpg', 1, true);
INSERT INTO product_images (id, product_color_id, url, file_name, display_order, is_cover)
VALUES (290, 168, 'http://localhost:9000/atelier/products/casaco-de-moletom-com-ziper/CASACO DE MOLETOM COM ZÍPER COLOR3 FOTO2.jpg', 'CASACO DE MOLETOM COM ZÍPER COLOR3 FOTO2.jpg', 2, false);
INSERT INTO product_images (id, product_color_id, url, file_name, display_order, is_cover)
VALUES (291, 169, 'http://localhost:9000/atelier/products/moletom-com-efeito-de-lavagem-don-clemente/MOLETOM COM EFEITO DE LAVAGEM DON CLEMENTE 3.jpg', 'MOLETOM COM EFEITO DE LAVAGEM DON CLEMENTE 3.jpg', 3, false);
INSERT INTO product_images (id, product_color_id, url, file_name, display_order, is_cover)
VALUES (292, 169, 'http://localhost:9000/atelier/products/moletom-com-efeito-de-lavagem-don-clemente/MOLETOM COM EFEITO DE LAVAGEM DON CLEMENTE CAPA.jpg', 'MOLETOM COM EFEITO DE LAVAGEM DON CLEMENTE CAPA.jpg', 1, true);
INSERT INTO product_images (id, product_color_id, url, file_name, display_order, is_cover)
VALUES (293, 169, 'http://localhost:9000/atelier/products/moletom-com-efeito-de-lavagem-don-clemente/MOLETOM COM EFEITO DE LAVAGEM DON CLEMENTE HOVER.jpg', 'MOLETOM COM EFEITO DE LAVAGEM DON CLEMENTE HOVER.jpg', 2, false);
INSERT INTO product_images (id, product_color_id, url, file_name, display_order, is_cover)
VALUES (294, 170, 'http://localhost:9000/atelier/products/moletom-com-mensagem-e-capuz/MOLETOM COM MENSAGEM E CAPUZ 3.jpg', 'MOLETOM COM MENSAGEM E CAPUZ 3.jpg', 3, false);
INSERT INTO product_images (id, product_color_id, url, file_name, display_order, is_cover)
VALUES (295, 170, 'http://localhost:9000/atelier/products/moletom-com-mensagem-e-capuz/MOLETOM COM MENSAGEM E CAPUZ CAPA.jpg', 'MOLETOM COM MENSAGEM E CAPUZ CAPA.jpg', 1, true);
INSERT INTO product_images (id, product_color_id, url, file_name, display_order, is_cover)
VALUES (296, 170, 'http://localhost:9000/atelier/products/moletom-com-mensagem-e-capuz/MOLETOM COM MENSAGEM E CAPUZ HOVER.jpg', 'MOLETOM COM MENSAGEM E CAPUZ HOVER.jpg', 2, false);
INSERT INTO product_images (id, product_color_id, url, file_name, display_order, is_cover)
VALUES (297, 171, 'http://localhost:9000/atelier/products/moletom-com-mensagem-em-contraste/MOLETOM COM MENSAGEM EM CONTRASTE 3.jpg', 'MOLETOM COM MENSAGEM EM CONTRASTE 3.jpg', 3, false);
INSERT INTO product_images (id, product_color_id, url, file_name, display_order, is_cover)
VALUES (298, 171, 'http://localhost:9000/atelier/products/moletom-com-mensagem-em-contraste/MOLETOM COM MENSAGEM EM CONTRASTE CAPA.jpg', 'MOLETOM COM MENSAGEM EM CONTRASTE CAPA.jpg', 1, true);
INSERT INTO product_images (id, product_color_id, url, file_name, display_order, is_cover)
VALUES (299, 171, 'http://localhost:9000/atelier/products/moletom-com-mensagem-em-contraste/MOLETOM COM MENSAGEM EM CONTRASTE HOVER.jpg', 'MOLETOM COM MENSAGEM EM CONTRASTE HOVER.jpg', 2, false);